func_name,sleepycat
q1,0.012989997863769531
q3b,0.01406097412109375
q3a,0.016933917999267578
q12c,0.011686086654663086
q4,0.018837928771972656
q3c,0.009835004806518555
q6,0.021912097930908203
q9,0.013543128967285156
q8,0.037919044494628906
q5a,0.015213966369628906
q5b,0.01720285415649414
q11,0.010745048522949219
q10,0.0034379959106445312
qall,0.4306480884552002
q7,0.02072596549987793
