func_name,sleepycat
q1,0.014495134353637695
q3b,0.011343955993652344
q3a,0.009576082229614258
q12c,0.00671696662902832
q4,0.023082971572875977
q3c,0.009161949157714844
q6,0.02993607521057129
q9,0.011332035064697266
q8,0.03622293472290039
q5a,0.015038013458251953
q5b,0.01182699203491211
q11,0.011095046997070312
q10,0.008200883865356445
qall,0.008785009384155273
q7,0.022426843643188477
