func_name,sleepycat
q1,0.006872892379760742
q3b,0.01610398292541504
q3a,0.01383209228515625
q12c,0.011089086532592773
q4,0.016804933547973633
q3c,0.008868932723999023
q6,0.029456138610839844
q9,0.01061701774597168
q8,0.034677982330322266
q5a,0.015291929244995117
q5b,0.01338815689086914
q11,0.013887882232666016
q10,0.003565073013305664
qall,0.007449150085449219
q7,0.028088092803955078
