func_name,sleepycat
q1,0.00746607780456543
q3b,0.013458013534545898
q3a,0.011884927749633789
q12c,0.016439199447631836
q4,0.023320913314819336
q3c,0.014104127883911133
q6,0.0344700813293457
q9,0.008079051971435547
q8,0.039237022399902344
q5a,0.016389131546020508
q5b,0.00972604751586914
q11,0.008460044860839844
q10,0.004381895065307617
qall,0.004403114318847656
q7,0.023808956146240234
