func_name,sleepycat
q1,0.013684988021850586
q3b,0.015017986297607422
q3a,0.015342950820922852
q12c,0.011787176132202148
q4,0.023868083953857422
q3c,0.01576399803161621
q6,0.024698972702026367
q9,0.011482000350952148
q8,0.039251089096069336
q5a,0.018754005432128906
q5b,0.013653993606567383
q11,0.010067939758300781
q10,0.008801937103271484
qall,0.004773855209350586
q7,0.022785186767578125
