func_name,sleepycat
q1,0.011286020278930664
q3b,0.014332056045532227
q3a,0.012456893920898438
q12c,0.009618997573852539
q4,0.023001909255981445
q3c,0.01472783088684082
q6,0.025413990020751953
q9,0.014262199401855469
q8,0.044690847396850586
q5a,0.019504070281982422
q5b,0.009821891784667969
q11,0.01105189323425293
q10,0.007911205291748047
qall,0.006134986877441406
q7,0.02380204200744629
