func_name,sleepycat
q1,0.0067179203033447266
q3b,0.012015819549560547
q3a,0.011996030807495117
q12c,0.007654905319213867
q4,0.021017074584960938
q3c,0.012686014175415039
q6,0.0343320369720459
q9,0.008026838302612305
q8,0.04225802421569824
q5a,0.020830869674682617
q5b,0.016134023666381836
q11,0.0077359676361083984
q10,0.003735780715942383
qall,0.009493827819824219
q7,0.021342039108276367
