func_name,sleepycat
q1,0.006940126419067383
q3b,0.018918991088867188
q3a,0.00910186767578125
q12c,0.008788108825683594
q4,0.01913595199584961
q3c,0.01926898956298828
q6,0.024261951446533203
q9,0.015472888946533203
q8,0.04010486602783203
q5a,0.020427942276000977
q5b,0.014456033706665039
q11,0.011157035827636719
q10,0.012789011001586914
qall,0.008077859878540039
q7,0.021892070770263672
