func_name,sleepycat
q1,0.0066950321197509766
q3b,0.012698888778686523
q3a,0.009935140609741211
q12c,0.007196903228759766
q4,0.022934913635253906
q3c,0.014373064041137695
q6,0.0304110050201416
q9,0.015165090560913086
q8,0.0406498908996582
q5a,0.013399124145507812
q5b,0.012595891952514648
q11,0.006891965866088867
q10,0.0043141841888427734
qall,0.009861946105957031
q7,0.02282404899597168
