func_name,sleepycat
q1,0.006655216217041016
q3b,0.012041091918945312
q3a,0.019542932510375977
q12c,0.005537986755371094
q4,0.021538972854614258
q3c,0.013347864151000977
q6,0.027201175689697266
q9,0.013952970504760742
q8,0.03754997253417969
q5a,0.02022385597229004
q5b,0.007935047149658203
q11,0.013754844665527344
q10,0.010172128677368164
qall,0.009215116500854492
q7,0.026014089584350586
