func_name,sleepycat
q1,0.013355016708374023
q3b,0.01401209831237793
q3a,0.018757104873657227
q12c,0.009657859802246094
q4,0.029186010360717773
q3c,0.01550602912902832
q6,0.04222393035888672
q9,0.019282817840576172
q8,0.05535101890563965
q5a,0.023485183715820312
q5b,0.017838001251220703
q11,0.010324954986572266
q10,0.011605978012084961
qall,0.007654905319213867
q7,0.0354161262512207
