func_name,sleepycat
q1,0.011632919311523438
q3b,0.018566131591796875
q3a,0.018418073654174805
q12c,0.011524200439453125
q4,0.024812936782836914
q3c,0.01919698715209961
q6,0.03578615188598633
q9,0.01748180389404297
q8,0.057086944580078125
q5a,0.02106499671936035
q5b,0.014837026596069336
q11,0.009678840637207031
q10,0.012181997299194336
qall,0.008450031280517578
q7,0.03515219688415527
