func_name,sleepycat
q1,0.013671159744262695
q3b,0.015642881393432617
q3a,0.021298885345458984
q12c,0.010746955871582031
q4,0.0255281925201416
q3c,0.021503925323486328
q6,0.04409217834472656
q9,0.015408992767333984
q8,0.053359031677246094
q5a,0.022793054580688477
q5b,0.016685009002685547
q11,0.012179851531982422
q10,0.006758928298950195
qall,0.004503965377807617
q7,0.036257028579711914
