func_name,sleepycat
q1,0.015295028686523438
q3b,0.014422178268432617
q3a,0.02068781852722168
q12c,0.009682893753051758
q4,0.02748703956604004
q3c,0.01548314094543457
q6,0.03848409652709961
q9,0.017373085021972656
q8,0.05453300476074219
q5a,0.025921106338500977
q5b,0.01322484016418457
q11,0.011572837829589844
q10,0.005327939987182617
qall,0.008095026016235352
q7,0.037004947662353516
