func_name,sleepycat
q1,0.010210037231445312
q3b,0.014991998672485352
q3a,0.01579904556274414
q12c,0.01134800910949707
q4,0.028470993041992188
q3c,0.015577077865600586
q6,0.03879499435424805
q9,0.012537002563476562
q8,0.05575394630432129
q5a,0.026890993118286133
q5b,0.015087127685546875
q11,0.012574195861816406
q10,0.006719112396240234
qall,0.009525775909423828
q7,0.0353999137878418
