func_name,sleepycat
q1,0.016039133071899414
q3b,0.02018594741821289
q3a,0.020251035690307617
q12c,0.05090212821960449
q4,0.027551889419555664
q3c,0.015434026718139648
q6,0.034017086029052734
q9,0.01485300064086914
q8,0.05288982391357422
q5a,0.02390003204345703
q5b,0.017721176147460938
q11,0.013910055160522461
q10,0.006860971450805664
qall,0.7606410980224609
q7,0.032855987548828125
