func_name,sleepycat
q1,0.01592707633972168
q3b,0.02117609977722168
q3a,0.01799178123474121
q12c,0.012389898300170898
q4,0.02522897720336914
q3c,0.013113021850585938
q6,0.04038596153259277
q9,0.012817859649658203
q8,0.053218841552734375
q5a,0.03035712242126465
q5b,0.016490936279296875
q11,0.02008986473083496
q10,0.007166147232055664
qall,0.009763002395629883
q7,0.032479047775268555
