func_name,sleepycat
q1,0.013571023941040039
q3b,0.019684791564941406
q3a,0.017819881439208984
q12c,0.013013124465942383
q4,0.026726961135864258
q3c,0.014260053634643555
q6,0.03784012794494629
q9,0.012259960174560547
q8,0.0565648078918457
q5a,0.02123093605041504
q5b,0.021057844161987305
q11,0.014299869537353516
q10,0.006715059280395508
qall,0.010221004486083984
q7,0.03539586067199707
