func_name,sleepycat
q1,0.013908863067626953
q3b,0.013966083526611328
q3a,0.01891303062438965
q12c,0.010426998138427734
q4,0.027805805206298828
q3c,0.014983892440795898
q6,0.03455710411071777
q9,0.01757502555847168
q8,0.054695844650268555
q5a,0.025187015533447266
q5b,0.018303871154785156
q11,0.011296987533569336
q10,0.012624025344848633
qall,0.006891965866088867
q7,0.03314495086669922
