func_name,sleepycat
q1,0.011512994766235352
q3b,0.018439054489135742
q3a,0.016665935516357422
q12c,0.007063150405883789
q4,0.023886919021606445
q3c,0.01312112808227539
q6,0.03946399688720703
q9,0.01527714729309082
q8,0.055661916732788086
q5a,0.021364927291870117
q5b,0.014741182327270508
q11,0.014445781707763672
q10,0.008591175079345703
qall,0.0039098262786865234
q7,0.03814506530761719
