func_name,sleepycat
q1,0.01668405532836914
q3b,0.014014959335327148
q3a,0.014368057250976562
q12c,0.005694866180419922
q4,0.023460865020751953
q3c,0.016954898834228516
q6,0.029978036880493164
q9,0.014173030853271484
q8,0.03938484191894531
q5a,0.014167070388793945
q5b,0.016371965408325195
q11,0.00757908821105957
q10,0.0035278797149658203
qall,0.4949181079864502
q7,0.02719593048095703
