func_name,sleepycat
q1,0.01073002815246582
q3b,0.009408950805664062
q3a,0.013341188430786133
q12c,0.008805036544799805
q4,0.020060062408447266
q3c,0.014957904815673828
q6,0.025081157684326172
q9,0.010766029357910156
q8,0.03812980651855469
q5a,0.0159909725189209
q5b,0.00982213020324707
q11,0.0067980289459228516
q10,0.010978937149047852
qall,0.004145145416259766
q7,0.0239260196685791
