func_name,sleepycat
q1,0.015009880065917969
q3b,0.01291203498840332
q3a,0.010642051696777344
q12c,0.005269050598144531
q4,0.03172492980957031
q3c,0.009757041931152344
q6,0.02857494354248047
q9,0.014400959014892578
q8,0.036112070083618164
q5a,0.017961978912353516
q5b,0.013714075088500977
q11,0.006727933883666992
q10,0.007524967193603516
qall,0.0030181407928466797
q7,0.022973060607910156
