func_name,sleepycat
q1,0.007228851318359375
q3b,0.01624321937561035
q3a,0.010033130645751953
q12c,0.005675077438354492
q4,0.017256975173950195
q3c,0.013736963272094727
q6,0.024507999420166016
q9,0.011131048202514648
q8,0.04125094413757324
q5a,0.017299890518188477
q5b,0.008407115936279297
q11,0.0066258907318115234
q10,0.011606931686401367
qall,0.008222103118896484
q7,0.033408164978027344
