func_name,sleepycat
q1,0.00937795639038086
q3b,0.010078191757202148
q3a,0.019229888916015625
q12c,0.005307912826538086
q4,0.02181410789489746
q3c,0.015591859817504883
q6,0.028595924377441406
q9,0.009979963302612305
q8,0.03586006164550781
q5a,0.018383026123046875
q5b,0.013279914855957031
q11,0.010154962539672852
q10,0.006005048751831055
qall,0.009897947311401367
q7,0.0237729549407959
