func_name,sleepycat
q1,0.006803035736083984
q3b,0.011506080627441406
q3a,0.009306907653808594
q12c,0.01317906379699707
q4,0.017726898193359375
q3c,0.016119003295898438
q6,0.0234830379486084
q9,0.011523962020874023
q8,0.03983497619628906
q5a,0.01692509651184082
q5b,0.008085012435913086
q11,0.008549928665161133
q10,0.005580902099609375
qall,0.002732992172241211
q7,0.023707151412963867
