func_name,sleepycat
q1,0.013432025909423828
q3b,0.018323898315429688
q3a,0.00917506217956543
q12c,0.0059239864349365234
q4,0.025722026824951172
q3c,0.011042118072509766
q6,0.031427860260009766
q9,0.015247106552124023
q8,0.03380990028381348
q5a,0.022649049758911133
q5b,0.016393184661865234
q11,0.007622957229614258
q10,0.015758037567138672
qall,0.0027599334716796875
q7,0.02500605583190918
