func_name,sleepycat
q1,0.009613037109375
q3b,0.013957023620605469
q3a,0.010351896286010742
q12c,0.0060100555419921875
q4,0.018442869186401367
q3c,0.010800838470458984
q6,0.02398395538330078
q9,0.012853860855102539
q8,0.03369402885437012
q5a,0.013388872146606445
q5b,0.013746023178100586
q11,0.0066680908203125
q10,0.009588956832885742
qall,0.0071299076080322266
q7,0.02475595474243164
