func_name,sleepycat
q1,0.00849008560180664
q3b,0.010469198226928711
q3a,0.013927936553955078
q12c,0.008336067199707031
q4,0.021352052688598633
q3c,0.00964498519897461
q6,0.028816938400268555
q9,0.009836912155151367
q8,0.036097049713134766
q5a,0.018730878829956055
q5b,0.007977962493896484
q11,0.015067100524902344
q10,0.007920980453491211
qall,0.00459599494934082
q7,0.031877994537353516
