func_name,sleepycat
q1,0.0070569515228271484
q3b,0.016204118728637695
q3a,0.010087966918945312
q12c,0.013365983963012695
q4,0.01682901382446289
q3c,0.009572982788085938
q6,0.043279170989990234
q9,0.010660886764526367
q8,0.04934287071228027
q5a,0.01861405372619629
q5b,0.009574174880981445
q11,0.010910987854003906
q10,0.006267070770263672
qall,0.005121946334838867
q7,0.03997206687927246
