func_name,sleepycat
q1,0.011743783950805664
q3b,0.01757502555847168
q3a,0.01662421226501465
q12c,0.009467840194702148
q4,0.02709197998046875
q3c,0.014941930770874023
q6,0.039917945861816406
q9,0.01703500747680664
q8,0.05474996566772461
q5a,0.0230410099029541
q5b,0.016582012176513672
q11,0.01868891716003418
q10,0.005736112594604492
qall,0.009359121322631836
q7,0.03249382972717285
