func_name,sleepycat
q1,0.012525081634521484
q3b,0.01869797706604004
q3a,0.022989988327026367
q12c,0.012746095657348633
q4,0.028036832809448242
q3c,0.016540050506591797
q6,0.04033994674682617
q9,0.022941112518310547
q8,0.05475902557373047
q5a,0.025122880935668945
q5b,0.012987136840820312
q11,0.009842157363891602
q10,0.010024785995483398
qall,0.006768941879272461
q7,0.03549599647521973
