func_name,sleepycat
q1,0.013978004455566406
q3b,0.016075849533081055
q3a,0.01407003402709961
q12c,0.009545087814331055
q4,0.029726028442382812
q3c,0.01697993278503418
q6,0.03783893585205078
q9,0.02044510841369629
q8,0.05155682563781738
q5a,0.026037216186523438
q5b,0.01284480094909668
q11,0.011294126510620117
q10,0.007555961608886719
qall,0.007166147232055664
q7,0.03786516189575195
