func_name,sleepycat
q1,0.013269901275634766
q3b,0.01522207260131836
q3a,0.0182039737701416
q12c,0.008044958114624023
q4,0.02824115753173828
q3c,0.023035049438476562
q6,0.03490400314331055
q9,0.011645078659057617
q8,0.05362081527709961
q5a,0.025109052658081055
q5b,0.011959075927734375
q11,0.009713888168334961
q10,0.004893064498901367
qall,0.006594181060791016
q7,0.032399892807006836
