func_name,sleepycat
q1,0.014786958694458008
q3b,0.013586044311523438
q3a,0.019115924835205078
q12c,0.012248039245605469
q4,0.02544116973876953
q3c,0.013868093490600586
q6,0.0342409610748291
q9,0.013515949249267578
q8,0.05067300796508789
q5a,0.0228269100189209
q5b,0.015848875045776367
q11,0.012753963470458984
q10,0.007402896881103516
qall,0.007013082504272461
q7,0.03795289993286133
