func_name,sleepycat
q1,0.009853839874267578
q3b,0.017926931381225586
q3a,0.015010833740234375
q12c,0.01211094856262207
q4,0.026304006576538086
q3c,0.019078969955444336
q6,0.0381779670715332
q9,0.01714015007019043
q8,0.054821014404296875
q5a,0.020663022994995117
q5b,0.013859987258911133
q11,0.016813993453979492
q10,0.011276006698608398
qall,0.009830951690673828
q7,0.034371137619018555
