func_name,sleepycat
q1,0.014786005020141602
q3b,0.017642974853515625
q3a,0.01568603515625
q12c,0.009495973587036133
q4,0.03008294105529785
q3c,0.01838397979736328
q6,0.033889055252075195
q9,0.014262199401855469
q8,0.052655935287475586
q5a,0.024309873580932617
q5b,0.01822185516357422
q11,0.011115074157714844
q10,0.007359027862548828
qall,0.00940704345703125
q7,0.03120589256286621
