func_name,sleepycat
q1,0.010634183883666992
q3b,0.016364097595214844
q3a,0.022567033767700195
q12c,0.007620096206665039
q4,0.024071931838989258
q3c,0.019205093383789062
q6,0.04147195816040039
q9,0.014442920684814453
q8,0.0522310733795166
q5a,0.019827842712402344
q5b,0.016071081161499023
q11,0.015214920043945312
q10,0.010087013244628906
qall,0.0038738250732421875
q7,0.03175806999206543
