func_name,sleepycat
q1,0.012283086776733398
q3b,0.019841909408569336
q3a,0.017100095748901367
q12c,0.0068950653076171875
q4,0.024852991104125977
q3c,0.013473033905029297
q6,0.03902292251586914
q9,0.014493942260742188
q8,0.051985979080200195
q5a,0.021960973739624023
q5b,0.015352964401245117
q11,0.014889955520629883
q10,0.008784055709838867
qall,0.005457878112792969
q7,0.03202700614929199
