func_name,sleepycat
q1,0.018410205841064453
q3b,0.018949031829833984
q3a,0.022060155868530273
q12c,0.054208993911743164
q4,0.04141998291015625
q3c,0.018112897872924805
q6,0.03523707389831543
q9,0.01807093620300293
q8,0.056036949157714844
q5a,0.023279190063476562
q5b,0.012701034545898438
q11,0.009456872940063477
q10,0.010071039199829102
qall,0.8599421977996826
q7,0.03687286376953125
