func_name,sleepycat
q1,0.0067141056060791016
q3b,0.01465606689453125
q3a,0.017941951751708984
q12c,0.007215023040771484
q4,0.017724037170410156
q3c,0.0158689022064209
q6,0.0287930965423584
q9,0.01071786880493164
q8,0.03684806823730469
q5a,0.01721477508544922
q5b,0.012686967849731445
q11,0.009953022003173828
q10,0.005018949508666992
qall,0.0028760433197021484
q7,0.020927906036376953
