func_name,sleepycat
q1,0.01023101806640625
q3b,0.010132074356079102
q3a,0.009784936904907227
q12c,0.005486965179443359
q4,0.018182039260864258
q3c,0.013991117477416992
q6,0.03336691856384277
q9,0.008743047714233398
q8,0.03814101219177246
q5a,0.016952037811279297
q5b,0.011781930923461914
q11,0.010505914688110352
q10,0.004067897796630859
qall,0.0040090084075927734
q7,0.022178173065185547
