func_name,sleepycat
q1,0.012070178985595703
q3b,0.01188206672668457
q3a,0.009819984436035156
q12c,0.0071909427642822266
q4,0.02530694007873535
q3c,0.014024019241333008
q6,0.02257704734802246
q9,0.01877617835998535
q8,0.04234004020690918
q5a,0.017132997512817383
q5b,0.013638973236083984
q11,0.0070171356201171875
q10,0.003614187240600586
qall,0.0027768611907958984
q7,0.034021854400634766
