func_name,sleepycat
q1,0.006847858428955078
q3b,0.011836051940917969
q3a,0.018568992614746094
q12c,0.013135910034179688
q4,0.018815040588378906
q3c,0.009676933288574219
q6,0.04246211051940918
q9,0.011538028717041016
q8,0.041693925857543945
q5a,0.020897865295410156
q5b,0.012421846389770508
q11,0.01426386833190918
q10,0.012447834014892578
qall,0.009187936782836914
q7,0.022843122482299805
