func_name,sleepycat
q1,0.007422924041748047
q3b,0.015282869338989258
q3a,0.012335062026977539
q12c,0.007716178894042969
q4,0.025337934494018555
q3c,0.01456904411315918
q6,0.03830409049987793
q9,0.009615898132324219
q8,0.04323101043701172
q5a,0.014355897903442383
q5b,0.0128631591796875
q11,0.007317066192626953
q10,0.008739948272705078
qall,0.4674968719482422
q7,0.029507875442504883
