func_name,sleepycat
q1,0.008149147033691406
q3b,0.017349958419799805
q3a,0.018873929977416992
q12c,0.009135007858276367
q4,0.025027990341186523
q3c,0.013934135437011719
q6,0.03792405128479004
q9,0.01633310317993164
q8,0.04053997993469238
q5a,0.02077794075012207
q5b,0.008614063262939453
q11,0.009023904800415039
q10,0.0047760009765625
qall,0.004060983657836914
q7,0.032521963119506836
