func_name,sleepycat
q1,0.008785009384155273
q3b,0.009212017059326172
q3a,0.012349843978881836
q12c,0.010287046432495117
q4,0.019527912139892578
q3c,0.010272979736328125
q6,0.032781124114990234
q9,0.012392044067382812
q8,0.04402422904968262
q5a,0.017826080322265625
q5b,0.015208005905151367
q11,0.006969928741455078
q10,0.005101919174194336
qall,0.002813100814819336
q7,0.03202104568481445
