func_name,sleepycat
q1,0.011147022247314453
q3b,0.017055988311767578
q3a,0.009618997573852539
q12c,0.007411003112792969
q4,0.018735885620117188
q3c,0.018407821655273438
q6,0.028619050979614258
q9,0.016192913055419922
q8,0.03961300849914551
q5a,0.018650054931640625
q5b,0.019578933715820312
q11,0.01440286636352539
q10,0.006330013275146484
qall,0.0030961036682128906
q7,0.03694415092468262
