func_name,sleepycat
q1,0.010179996490478516
q3b,0.01902294158935547
q3a,0.011458873748779297
q12c,0.0075719356536865234
q4,0.022244930267333984
q3c,0.015275955200195312
q6,0.027636051177978516
q9,0.022789955139160156
q8,0.03586697578430176
q5a,0.015513896942138672
q5b,0.01711416244506836
q11,0.010162115097045898
q10,0.008890867233276367
qall,0.00286102294921875
q7,0.02266716957092285
