func_name,sleepycat
q1,0.008213043212890625
q3b,0.016656160354614258
q3a,0.013432025909423828
q12c,0.007670879364013672
q4,0.01761317253112793
q3c,0.009996891021728516
q6,0.0353541374206543
q9,0.008713960647583008
q8,0.03673887252807617
q5a,0.014600038528442383
q5b,0.012681007385253906
q11,0.016155004501342773
q10,0.00368499755859375
qall,0.009976863861083984
q7,0.022244930267333984
