func_name,sleepycat
q1,0.014492988586425781
q3b,0.009300947189331055
q3a,0.010540962219238281
q12c,0.012005090713500977
q4,0.022721052169799805
q3c,0.013274908065795898
q6,0.023713111877441406
q9,0.012195110321044922
q8,0.03676295280456543
q5a,0.013785839080810547
q5b,0.008443117141723633
q11,0.0070040225982666016
q10,0.003520965576171875
qall,0.42708802223205566
q7,0.020509004592895508
