func_name,sleepycat
q1,0.019140958786010742
q3b,0.017132997512817383
q3a,0.018555164337158203
q12c,0.009382009506225586
q4,0.015856027603149414
q3c,0.017440080642700195
q6,0.03975486755371094
q9,0.014894962310791016
q8,0.07786798477172852
q5a,0.014925956726074219
q5b,0.022207021713256836
q11,0.009491920471191406
q10,0.004425048828125
qall,0.009607076644897461
q7,0.02813887596130371
