func_name,sleepycat
q1,0.014801979064941406
q3b,0.009773969650268555
q3a,0.018146038055419922
q12c,0.010576963424682617
q4,0.019023895263671875
q3c,0.010631084442138672
q6,0.030453920364379883
q9,0.010421991348266602
q8,0.03601503372192383
q5a,0.017496109008789062
q5b,0.013720035552978516
q11,0.012135982513427734
q10,0.007233142852783203
qall,0.007950782775878906
q7,0.028922080993652344
