func_name,sleepycat
q1,0.013638019561767578
q3b,0.010010004043579102
q3a,0.009449958801269531
q12c,0.0057010650634765625
q4,0.021411895751953125
q3c,0.01123809814453125
q6,0.023715972900390625
q9,0.013990163803100586
q8,0.03778505325317383
q5a,0.019392967224121094
q5b,0.007964134216308594
q11,0.0068171024322509766
q10,0.010288000106811523
qall,0.007543087005615234
q7,0.023668766021728516
