func_name,sleepycat
q1,0.011610031127929688
q3b,0.013275146484375
q3a,0.009996891021728516
q12c,0.0052509307861328125
q4,0.025909900665283203
q3c,0.012996196746826172
q6,0.02679610252380371
q9,0.012916803359985352
q8,0.03868389129638672
q5a,0.02307415008544922
q5b,0.010307073593139648
q11,0.012553930282592773
q10,0.007982969284057617
qall,0.005593061447143555
q7,0.023886919021606445
