func_name,sleepycat
q1,0.01046609878540039
q3b,0.02369999885559082
q3a,0.01394510269165039
q12c,0.005635976791381836
q4,0.016611099243164062
q3c,0.016983985900878906
q6,0.028122901916503906
q9,0.008428096771240234
q8,0.04095602035522461
q5a,0.017087936401367188
q5b,0.023272037506103516
q11,0.007211923599243164
q10,0.013059854507446289
qall,0.009638071060180664
q7,0.025923967361450195
