func_name,sleepycat
q1,0.011370182037353516
q3b,0.011384010314941406
q3a,0.01468515396118164
q12c,0.00621795654296875
q4,0.01729893684387207
q3c,0.009473085403442383
q6,0.028841018676757812
q9,0.01339101791381836
q8,0.040895938873291016
q5a,0.01611804962158203
q5b,0.011801004409790039
q11,0.006947994232177734
q10,0.009306907653808594
qall,0.004497051239013672
q7,0.030243873596191406
