func_name,sleepycat
q1,0.01371312141418457
q3b,0.014939069747924805
q3a,0.010189056396484375
q12c,0.005076169967651367
q4,0.024363994598388672
q3c,0.016130924224853516
q6,0.03246879577636719
q9,0.011741161346435547
q8,0.0375978946685791
q5a,0.014412164688110352
q5b,0.009056806564331055
q11,0.013154983520507812
q10,0.009723901748657227
qall,0.43577098846435547
q7,0.02195906639099121
