func_name,sleepycat
q1,0.008392095565795898
q3b,0.01399087905883789
q3a,0.011398077011108398
q12c,0.007400989532470703
q4,0.021819114685058594
q3c,0.012980937957763672
q6,0.026948928833007812
q9,0.008289098739624023
q8,0.04140901565551758
q5a,0.020214080810546875
q5b,0.009613990783691406
q11,0.007430076599121094
q10,0.003977060317993164
qall,0.0029587745666503906
q7,0.025143861770629883
