func_name,sleepycat
q1,0.00668787956237793
q3b,0.010843038558959961
q3a,0.009578943252563477
q12c,0.005990028381347656
q4,0.016876935958862305
q3c,0.015919923782348633
q6,0.024353981018066406
q9,0.013663053512573242
q8,0.03938412666320801
q5a,0.017002105712890625
q5b,0.011093854904174805
q11,0.014432907104492188
q10,0.010008811950683594
qall,0.002897024154663086
q7,0.02419900894165039
