func_name,sleepycat
q1,0.011564016342163086
q3b,0.01001596450805664
q3a,0.014389991760253906
q12c,0.006822824478149414
q4,0.021763086318969727
q3c,0.012015819549560547
q6,0.03573489189147949
q9,0.008510828018188477
q8,0.037930965423583984
q5a,0.02233099937438965
q5b,0.010156869888305664
q11,0.010357141494750977
q10,0.0051021575927734375
qall,0.00616002082824707
q7,0.040693044662475586
