func_name,sleepycat
q1,0.016043901443481445
q3b,0.014132022857666016
q3a,0.011262893676757812
q12c,0.006827831268310547
q4,0.01767587661743164
q3c,0.016144990921020508
q6,0.03631591796875
q9,0.011541128158569336
q8,0.03814697265625
q5a,0.019529104232788086
q5b,0.015285968780517578
q11,0.0075130462646484375
q10,0.004960060119628906
qall,0.0031659603118896484
q7,0.03218388557434082
