func_name,sleepycat
q1,0.00988006591796875
q3b,0.016810178756713867
q3a,0.011085987091064453
q12c,0.0076541900634765625
q4,0.023659944534301758
q3c,0.013760089874267578
q6,0.023894071578979492
q9,0.017927169799804688
q8,0.05937004089355469
q5a,0.017213106155395508
q5b,0.014488935470581055
q11,0.010493993759155273
q10,0.003696918487548828
qall,0.0039520263671875
q7,0.02284407615661621
