func_name,sleepycat
q1,0.008925914764404297
q3b,0.010709047317504883
q3a,0.014984130859375
q12c,0.005294084548950195
q4,0.022984027862548828
q3c,0.012586116790771484
q6,0.036089181900024414
q9,0.008442878723144531
q8,0.052403926849365234
q5a,0.022305011749267578
q5b,0.019840002059936523
q11,0.01003408432006836
q10,0.0036711692810058594
qall,0.003114938735961914
q7,0.03214597702026367
