func_name,sleepycat
q1,0.016191959381103516
q3b,0.0106048583984375
q3a,0.01413583755493164
q12c,0.006358146667480469
q4,0.017623186111450195
q3c,0.009626150131225586
q6,0.03288912773132324
q9,0.012070894241333008
q8,0.037056922912597656
q5a,0.01520991325378418
q5b,0.012284040451049805
q11,0.012092828750610352
q10,0.006063938140869141
qall,0.0029060840606689453
q7,0.02682185173034668
