func_name,sleepycat
q1,0.009485006332397461
q3b,0.01564192771911621
q3a,0.013792991638183594
q12c,0.0050890445709228516
q4,0.02257704734802246
q3c,0.01204991340637207
q6,0.034471988677978516
q9,0.008182048797607422
q8,0.0561680793762207
q5a,0.02501988410949707
q5b,0.014755010604858398
q11,0.012398004531860352
q10,0.007280826568603516
qall,0.00917506217956543
q7,0.03302001953125
