func_name,sleepycat
q1,0.009931087493896484
q3b,0.014079093933105469
q3a,0.013988018035888672
q12c,0.010781049728393555
q4,0.027336835861206055
q3c,0.014303922653198242
q6,0.027281999588012695
q9,0.009948015213012695
q8,0.041298866271972656
q5a,0.017615079879760742
q5b,0.012306928634643555
q11,0.009624958038330078
q10,0.009204864501953125
qall,0.003926992416381836
q7,0.021403074264526367
