func_name,sleepycat
q1,0.011640071868896484
q3b,0.01385807991027832
q3a,0.01029205322265625
q12c,0.014080047607421875
q4,0.02061319351196289
q3c,0.014451980590820312
q6,0.04149007797241211
q9,0.016468048095703125
q8,0.03987908363342285
q5a,0.020661115646362305
q5b,0.012418031692504883
q11,0.014930963516235352
q10,0.008414983749389648
qall,0.4601728916168213
q7,0.03010106086730957
