func_name,sleepycat
q1,0.013602018356323242
q3b,0.020154953002929688
q3a,0.009981870651245117
q12c,0.0048100948333740234
q4,0.027126073837280273
q3c,0.011742830276489258
q6,0.03274798393249512
q9,0.014404058456420898
q8,0.05602097511291504
q5a,0.019297122955322266
q5b,0.009619951248168945
q11,0.010443925857543945
q10,0.011703014373779297
qall,0.005517005920410156
q7,0.023253917694091797
