func_name,sleepycat
q1,0.011982917785644531
q3b,0.011269092559814453
q3a,0.016551971435546875
q12c,0.011178970336914062
q4,0.03081822395324707
q3c,0.010935068130493164
q6,0.05292201042175293
q9,0.011333942413330078
q8,0.03608298301696777
q5a,0.0219271183013916
q5b,0.008587837219238281
q11,0.00940704345703125
q10,0.0034580230712890625
qall,0.005878925323486328
q7,0.0234220027923584
