func_name,sleepycat
q1,0.01147007942199707
q3b,0.014106035232543945
q3a,0.01004791259765625
q12c,0.010798215866088867
q4,0.018957138061523438
q3c,0.009896039962768555
q6,0.026144027709960938
q9,0.016598939895629883
q8,0.040036916732788086
q5a,0.019526958465576172
q5b,0.012900829315185547
q11,0.01057291030883789
q10,0.012730121612548828
qall,0.0052089691162109375
q7,0.02516484260559082
