func_name,sleepycat
q1,0.014500141143798828
q3b,0.013660907745361328
q3a,0.009117841720581055
q12c,0.014487028121948242
q4,0.019514083862304688
q3c,0.02600717544555664
q6,0.026246070861816406
q9,0.008538961410522461
q8,0.042582035064697266
q5a,0.021907806396484375
q5b,0.018229961395263672
q11,0.008916139602661133
q10,0.0071849822998046875
qall,0.0033299922943115234
q7,0.02460312843322754
