func_name,sleepycat
q1,0.007223844528198242
q3b,0.01698613166809082
q3a,0.01604008674621582
q12c,0.005380868911743164
q4,0.016603946685791016
q3c,0.017249107360839844
q6,0.025643110275268555
q9,0.014876127243041992
q8,0.038700103759765625
q5a,0.01981496810913086
q5b,0.008626937866210938
q11,0.007415056228637695
q10,0.005064964294433594
qall,0.003908872604370117
q7,0.02601909637451172
