func_name,sleepycat
q1,0.010007858276367188
q3b,0.011749982833862305
q3a,0.012785911560058594
q12c,0.004786968231201172
q4,0.019833087921142578
q3c,0.011660099029541016
q6,0.03338980674743652
q9,0.012555837631225586
q8,0.061544179916381836
q5a,0.013930082321166992
q5b,0.01092982292175293
q11,0.007071971893310547
q10,0.0036230087280273438
qall,0.003688812255859375
q7,0.02249312400817871
