func_name,sleepycat
q1,0.014017820358276367
q3b,0.012196063995361328
q3a,0.012722015380859375
q12c,0.02037501335144043
q4,0.03009200096130371
q3c,0.025187015533447266
q6,0.026400089263916016
q9,0.01602315902709961
q8,0.04416799545288086
q5a,0.024111032485961914
q5b,0.008790969848632812
q11,0.007269859313964844
q10,0.012817859649658203
qall,0.44317007064819336
q7,0.03404092788696289
