func_name,sleepycat
q1,0.010024070739746094
q3b,0.010313034057617188
q3a,0.01386404037475586
q12c,0.006176948547363281
q4,0.021697044372558594
q3c,0.011890888214111328
q6,0.04600191116333008
q9,0.012927055358886719
q8,0.055828094482421875
q5a,0.024452924728393555
q5b,0.024278879165649414
q11,0.006986141204833984
q10,0.0036458969116210938
qall,0.0029299259185791016
q7,0.03718090057373047
