func_name,sleepycat
q1,0.00896906852722168
q3b,0.02000904083251953
q3a,0.014829874038696289
q12c,0.005225181579589844
q4,0.018766164779663086
q3c,0.012159109115600586
q6,0.02615189552307129
q9,0.01234889030456543
q8,0.054466962814331055
q5a,0.024464845657348633
q5b,0.019688129425048828
q11,0.009981870651245117
q10,0.005110025405883789
qall,0.0027129650115966797
q7,0.0333709716796875
