func_name,sleepycat
q1,0.006967067718505859
q3b,0.01710796356201172
q3a,0.017023086547851562
q12c,0.012210845947265625
q4,0.01892685890197754
q3c,0.015794992446899414
q6,0.042095184326171875
q9,0.013343095779418945
q8,0.0388789176940918
q5a,0.01781606674194336
q5b,0.008777141571044922
q11,0.009747028350830078
q10,0.005320072174072266
qall,0.0028569698333740234
q7,0.03040003776550293
