func_name,sleepycat
q1,0.007421016693115234
q3b,0.01025700569152832
q3a,0.01373600959777832
q12c,0.012022018432617188
q4,0.021412134170532227
q3c,0.013872861862182617
q6,0.030703067779541016
q9,0.01120305061340332
q8,0.03789496421813965
q5a,0.021682024002075195
q5b,0.011493206024169922
q11,0.007688045501708984
q10,0.012072086334228516
qall,0.003998994827270508
q7,0.022497892379760742
