func_name,sleepycat
q1,0.015627145767211914
q3b,0.010637998580932617
q3a,0.009952783584594727
q12c,0.005958080291748047
q4,0.018792152404785156
q3c,0.013863086700439453
q6,0.032128095626831055
q9,0.011598825454711914
q8,0.03626680374145508
q5a,0.014518976211547852
q5b,0.009387969970703125
q11,0.013962030410766602
q10,0.008646011352539062
qall,0.0037660598754882812
q7,0.02396392822265625
