func_name,sleepycat
q1,0.010197877883911133
q3b,0.015269041061401367
q3a,0.013423919677734375
q12c,0.008126020431518555
q4,0.02650594711303711
q3c,0.015969038009643555
q6,0.04012107849121094
q9,0.013654947280883789
q8,0.05090808868408203
q5a,0.023602008819580078
q5b,0.01784515380859375
q11,0.014670133590698242
q10,0.0049359798431396484
qall,0.00889897346496582
q7,0.037490129470825195
