func_name,sleepycat
q1,0.01439213752746582
q3b,0.013050079345703125
q3a,0.01869797706604004
q12c,0.007870912551879883
q4,0.023965120315551758
q3c,0.013075113296508789
q6,0.03574395179748535
q9,0.016025066375732422
q8,0.0534360408782959
q5a,0.020281076431274414
q5b,0.012829065322875977
q11,0.009469985961914062
q10,0.005033016204833984
qall,0.007673025131225586
q7,0.033567190170288086
