func_name,sleepycat
q1,0.015229940414428711
q3b,0.018015146255493164
q3a,0.023044109344482422
q12c,0.03412199020385742
q4,0.02443408966064453
q3c,0.01311492919921875
q6,0.03369402885437012
q9,0.013046979904174805
q8,0.051162004470825195
q5a,0.020941972732543945
q5b,0.012433052062988281
q11,0.01217794418334961
q10,0.0066661834716796875
qall,0.6979711055755615
q7,0.031861066818237305
