func_name,sleepycat
q1,0.014865875244140625
q3b,0.01357889175415039
q3a,0.018951892852783203
q12c,0.009222030639648438
q4,0.025844097137451172
q3c,0.015269994735717773
q6,0.03802800178527832
q9,0.012521982192993164
q8,0.0501859188079834
q5a,0.02248692512512207
q5b,0.014827966690063477
q11,0.011708974838256836
q10,0.006058931350708008
qall,0.008393049240112305
q7,0.03559112548828125
