func_name,sleepycat
q1,0.010527849197387695
q3b,0.014245986938476562
q3a,0.013117074966430664
q12c,0.007250070571899414
q4,0.026546955108642578
q3c,0.028704166412353516
q6,0.0394291877746582
q9,0.013425111770629883
q8,0.05314493179321289
q5a,0.022825002670288086
q5b,0.01622486114501953
q11,0.016603946685791016
q10,0.004931926727294922
qall,0.010058164596557617
q7,0.032444000244140625
