func_name,sleepycat
q1,0.011113166809082031
q3b,0.019507884979248047
q3a,0.02204418182373047
q12c,0.01193094253540039
q4,0.028688907623291016
q3c,0.017303943634033203
q6,0.033891916275024414
q9,0.014306068420410156
q8,0.0532989501953125
q5a,0.019922971725463867
q5b,0.011912822723388672
q11,0.012058019638061523
q10,0.005007028579711914
qall,0.005420207977294922
q7,0.0323939323425293
