func_name,sleepycat
q1,0.010036945343017578
q3b,0.017355918884277344
q3a,0.015378952026367188
q12c,0.012319087982177734
q4,0.02954411506652832
q3c,0.018160104751586914
q6,0.035286903381347656
q9,0.014332056045532227
q8,0.05454611778259277
q5a,0.020661115646362305
q5b,0.014007091522216797
q11,0.013644933700561523
q10,0.0049228668212890625
qall,0.003924131393432617
q7,0.03255796432495117
