func_name,sleepycat
q1,0.010010004043579102
q3b,0.017435073852539062
q3a,0.015074968338012695
q12c,0.007447957992553711
q4,0.024947166442871094
q3c,0.013080835342407227
q6,0.03457999229431152
q9,0.014001846313476562
q8,0.051631927490234375
q5a,0.022110939025878906
q5b,0.013178825378417969
q11,0.012587785720825195
q10,0.00698399543762207
qall,0.0038869380950927734
q7,0.03154802322387695
