func_name,sleepycat
q1,0.011028051376342773
q3b,0.02379298210144043
q3a,0.015304088592529297
q12c,0.007615089416503906
q4,0.028810977935791016
q3c,0.017139911651611328
q6,0.03481316566467285
q9,0.01546788215637207
q8,0.05242109298706055
q5a,0.025398969650268555
q5b,0.011847972869873047
q11,0.01671314239501953
q10,0.007925033569335938
qall,0.003927946090698242
q7,0.032691001892089844
