func_name,sleepycat
q1,0.009882926940917969
q3b,0.013785123825073242
q3a,0.013191938400268555
q12c,0.011018037796020508
q4,0.024590015411376953
q3c,0.013353109359741211
q6,0.03938603401184082
q9,0.016067028045654297
q8,0.05384016036987305
q5a,0.021264076232910156
q5b,0.01205301284790039
q11,0.010434150695800781
q10,0.004920005798339844
qall,0.006886959075927734
q7,0.03451395034790039
