func_name,virtuoso
query_all,1.445222008228302
query_sp2b_q1,0.004868161678314209
query_sp2b_q2,0.4677111148834229
query_sp2b_q3a,0.11100754737854004
query_sp2b_q3b,0.004609096050262451
query_sp2b_q3c,0.00374603271484375
query_sp2b_q4,2.527346444129944
query_sp2b_q9,0.01138310432434082
