func_name,virtuoso
query_all,1.2414219379425049
query_sp2b_q2,0.44210100173950195
query_sp2b_q1,0.005182027816772461
query_sp2b_q4,2.411553144454956
query_sp2b_q3a,0.12803983688354492
query_sp2b_q3c,0.003595113754272461
query_sp2b_q3b,0.005053997039794922
query_sp2b_q9,0.01100301742553711
