func_name,virtuoso
query_all,1.2623369693756104
query_sp2b_q2,0.44968605041503906
query_sp2b_q1,0.004525899887084961
query_sp2b_q4,2.461369037628174
query_sp2b_q3a,0.10545516014099121
query_sp2b_q3c,0.0037260055541992188
query_sp2b_q3b,0.004415035247802734
query_sp2b_q9,0.010914087295532227
