func_name,virtuoso
query_all,1.5887231826782227
query_sp2b_q2,0.4976069927215576
query_sp2b_q1,0.004928112030029297
query_sp2b_q4,2.4395861625671387
query_sp2b_q3a,0.10520386695861816
query_sp2b_q3c,0.0037908554077148438
query_sp2b_q3b,0.004881143569946289
query_sp2b_q9,0.010743141174316406
