func_name,virtuoso
query_all,1.5771830081939697
query_sp2b_q2,0.4350771903991699
query_sp2b_q1,0.00466609001159668
query_sp2b_q4,2.420538902282715
query_sp2b_q3a,0.10154008865356445
query_sp2b_q3c,0.0037469863891601562
query_sp2b_q3b,0.005146980285644531
query_sp2b_q9,0.011774063110351562
