func_name,virtuoso
query_all,1.5602118968963623
query_sp2b_q2,0.4635190963745117
query_sp2b_q1,0.004650115966796875
query_sp2b_q4,2.405133008956909
query_sp2b_q3a,0.10261988639831543
query_sp2b_q3c,0.003699064254760742
query_sp2b_q3b,0.004356861114501953
query_sp2b_q9,0.010828018188476562
