func_name,virtuoso
query_all,1.721566915512085
query_sp2b_q2,0.44348597526550293
query_sp2b_q1,0.004724979400634766
query_sp2b_q4,2.492215871810913
query_sp2b_q3a,0.10346007347106934
query_sp2b_q3c,0.0035889148712158203
query_sp2b_q3b,0.004269838333129883
query_sp2b_q9,0.012042045593261719
