func_name,virtuoso
query_all,1.5973701477050781
query_sp2b_q2,0.4437081813812256
query_sp2b_q1,0.00455784797668457
query_sp2b_q4,2.5195980072021484
query_sp2b_q3a,0.1078650951385498
query_sp2b_q3c,0.0036759376525878906
query_sp2b_q3b,0.0049130916595458984
query_sp2b_q9,0.010733842849731445
