func_name,virtuoso
query_all,1.2625470161437988
query_sp2b_q2,0.44272494316101074
query_sp2b_q1,0.005033016204833984
query_sp2b_q4,2.4605140686035156
query_sp2b_q3a,0.10265398025512695
query_sp2b_q3c,0.0037598609924316406
query_sp2b_q3b,0.005116939544677734
query_sp2b_q9,0.010879993438720703
