func_name,virtuoso
query_all,1.5878949165344238
query_sp2b_q2,0.44530415534973145
query_sp2b_q1,0.004536151885986328
query_sp2b_q4,2.5553300380706787
query_sp2b_q3a,0.10303902626037598
query_sp2b_q3c,0.0036940574645996094
query_sp2b_q3b,0.004374027252197266
query_sp2b_q9,0.013438940048217773
