func_name,virtuoso
query_all,1.1913578510284424
query_sp2b_q2,0.45937490463256836
query_sp2b_q1,0.004522085189819336
query_sp2b_q4,2.3579838275909424
query_sp2b_q3a,0.1056208610534668
query_sp2b_q3c,0.0042760372161865234
query_sp2b_q3b,0.004314899444580078
query_sp2b_q9,0.010859012603759766
