func_name,virtuoso
query_all,1.2277967929840088
query_sp2b_q2,0.44053196907043457
query_sp2b_q1,0.004909038543701172
query_sp2b_q4,2.4083430767059326
query_sp2b_q3a,0.1033639907836914
query_sp2b_q3c,0.0037069320678710938
query_sp2b_q3b,0.004287004470825195
query_sp2b_q9,0.010800838470458984
