func_name,virtuoso
query_all,1.1971378326416016
query_sp2b_q2,0.4605998992919922
query_sp2b_q1,0.005033016204833984
query_sp2b_q4,2.3831229209899902
query_sp2b_q3a,0.10259294509887695
query_sp2b_q3c,0.003981828689575195
query_sp2b_q3b,0.004922151565551758
query_sp2b_q9,0.011546850204467773
