func_name,virtuoso
query_all,1.298210859298706
query_sp2b_q2,0.44426798820495605
query_sp2b_q1,0.004759073257446289
query_sp2b_q4,2.4466068744659424
query_sp2b_q3a,0.10193586349487305
query_sp2b_q3c,0.003551006317138672
query_sp2b_q3b,0.004469156265258789
query_sp2b_q9,0.01129603385925293
