func_name,virtuoso
query_all,1.564291000366211
query_sp2b_q2,0.4359760284423828
query_sp2b_q1,0.00456690788269043
query_sp2b_q4,2.4038619995117188
query_sp2b_q3a,0.12885713577270508
query_sp2b_q3c,0.003490924835205078
query_sp2b_q3b,0.00439000129699707
query_sp2b_q9,0.011348962783813477
