func_name,virtuoso
query_all,1.7480840682983398
query_sp2b_q2,0.4983069896697998
query_sp2b_q1,0.004678964614868164
query_sp2b_q4,2.8849170207977295
query_sp2b_q3a,0.10907483100891113
query_sp2b_q3c,0.0042171478271484375
query_sp2b_q3b,0.00482487678527832
query_sp2b_q9,0.011054039001464844
