func_name,virtuoso
query_all,1.406930923461914
query_sp2b_q2,0.5178630352020264
query_sp2b_q1,0.006552934646606445
query_sp2b_q4,2.5354979038238525
query_sp2b_q3a,0.10254907608032227
query_sp2b_q3c,0.003748178482055664
query_sp2b_q3b,0.004452943801879883
query_sp2b_q9,0.010780096054077148
