func_name,virtuoso
query_all,1.6745049953460693
query_sp2b_q2,0.6370570659637451
query_sp2b_q1,0.005167961120605469
query_sp2b_q4,3.116101026535034
query_sp2b_q3a,0.17291498184204102
query_sp2b_q3c,0.003635883331298828
query_sp2b_q3b,0.0051190853118896484
query_sp2b_q9,0.012798070907592773
