func_name,virtuoso
query_all,1.5378530025482178
query_sp2b_q2,0.4564070701599121
query_sp2b_q1,0.004497051239013672
query_sp2b_q4,2.429473876953125
query_sp2b_q3a,0.10058808326721191
query_sp2b_q3c,0.0036149024963378906
query_sp2b_q3b,0.0042040348052978516
query_sp2b_q9,0.012701034545898438
