func_name,virtuoso
query_all,1.4377148151397705
query_sp2b_q2,0.47299885749816895
query_sp2b_q1,0.004760026931762695
query_sp2b_q4,2.9218549728393555
query_sp2b_q3a,0.13008713722229004
query_sp2b_q3c,0.0035829544067382812
query_sp2b_q3b,0.004273891448974609
query_sp2b_q9,0.010735034942626953
