func_name,virtuoso
query_all,1.2213020324707031
query_sp2b_q2,0.4676249027252197
query_sp2b_q1,0.0051119327545166016
query_sp2b_q4,2.4933271408081055
query_sp2b_q3a,0.10268902778625488
query_sp2b_q3c,0.003838062286376953
query_sp2b_q3b,0.004395961761474609
query_sp2b_q9,0.011384963989257812
