func_name,virtuoso
query_all,0.1909873489445331
query_sp2b_q1,0.00045803217006023947
query_sp2b_q2,0.0458527711219109
query_sp2b_q3a,0.01735612960395916
query_sp2b_q3b,0.00033965932105970635
query_sp2b_q3c,0.0002035708039838314
query_sp2b_q4,0.20322303707592534
query_sp2b_q9,0.000789754342763251
