func_name,sleepycat
q1,0.00693202018737793
q3b,0.010950088500976562
q3a,0.009750843048095703
q12c,0.014837026596069336
q4,0.021144866943359375
q3c,0.012522220611572266
q6,0.023319005966186523
q9,0.011929035186767578
q8,0.03746318817138672
q5a,0.022570133209228516
q5b,0.017361879348754883
q11,0.02106308937072754
q10,0.008257865905761719
qall,0.004698991775512695
q7,0.021908044815063477
