func_name,sleepycat
q1,0.009958028793334961
q3b,0.009536981582641602
q3a,0.0160830020904541
q12c,0.008607149124145508
q4,0.02108287811279297
q3c,0.011794805526733398
q6,0.02581477165222168
q9,0.013285160064697266
q8,0.03774905204772949
q5a,0.01952385902404785
q5b,0.007872819900512695
q11,0.0072748661041259766
q10,0.010308980941772461
qall,0.004730939865112305
q7,0.02426314353942871
