func_name,sleepycat
q1,0.007248878479003906
q3b,0.015075922012329102
q3a,0.009524106979370117
q12c,0.009958982467651367
q4,0.017030000686645508
q3c,0.009518146514892578
q6,0.023375988006591797
q9,0.012295961380004883
q8,0.036376953125
q5a,0.019510984420776367
q5b,0.01644587516784668
q11,0.016698122024536133
q10,0.008687973022460938
qall,0.008585929870605469
q7,0.0227200984954834
