func_name,sleepycat
q1,0.007740974426269531
q3b,0.010248899459838867
q3a,0.010663986206054688
q12c,0.010693073272705078
q4,0.025324106216430664
q3c,0.013145923614501953
q6,0.023164033889770508
q9,0.01345682144165039
q8,0.039016008377075195
q5a,0.036962032318115234
q5b,0.022822856903076172
q11,0.010416984558105469
q10,0.0034580230712890625
qall,0.4256589412689209
q7,0.023550033569335938
