func_name,sleepycat
q1,0.007594108581542969
q3b,0.01199197769165039
q3a,0.010918140411376953
q12c,0.01424098014831543
q4,0.020129919052124023
q3c,0.015079021453857422
q6,0.023202896118164062
q9,0.011235952377319336
q8,0.03559613227844238
q5a,0.019720077514648438
q5b,0.00804901123046875
q11,0.012573003768920898
q10,0.00768589973449707
qall,0.002814054489135742
q7,0.021044015884399414
