func_name,sleepycat
q1,0.013172149658203125
q3b,0.014327049255371094
q3a,0.013094186782836914
q12c,0.008685827255249023
q4,0.03162503242492676
q3c,0.015072822570800781
q6,0.02297496795654297
q9,0.015558004379272461
q8,0.07176518440246582
q5a,0.02390909194946289
q5b,0.009575843811035156
q11,0.010489940643310547
q10,0.0034570693969726562
qall,0.00580596923828125
q7,0.03844094276428223
