func_name,sleepycat
q1,0.010184049606323242
q3b,0.011463165283203125
q3a,0.015022993087768555
q12c,0.0077037811279296875
q4,0.023159027099609375
q3c,0.020906925201416016
q6,0.03495001792907715
q9,0.008224010467529297
q8,0.048744916915893555
q5a,0.028831005096435547
q5b,0.008375883102416992
q11,0.00726008415222168
q10,0.012056112289428711
qall,0.4284069538116455
q7,0.02457118034362793
