func_name,sleepycat
q1,0.00683903694152832
q3b,0.013406038284301758
q3a,0.01225900650024414
q12c,0.00573420524597168
q4,0.025005817413330078
q3c,0.016254901885986328
q6,0.031308889389038086
q9,0.01649618148803711
q8,0.043653011322021484
q5a,0.01402592658996582
q5b,0.011048078536987305
q11,0.01383209228515625
q10,0.0075130462646484375
qall,0.006422996520996094
q7,0.020550012588500977
