func_name,sleepycat
q1,0.008861064910888672
q3b,0.009955883026123047
q3a,0.012998819351196289
q12c,0.008022069931030273
q4,0.018637895584106445
q3c,0.012668848037719727
q6,0.027760982513427734
q9,0.008075952529907227
q8,0.04893898963928223
q5a,0.02187490463256836
q5b,0.008397102355957031
q11,0.007134914398193359
q10,0.0038940906524658203
qall,0.008740901947021484
q7,0.020720958709716797
