func_name,sleepycat
q1,0.012547016143798828
q3b,0.016707897186279297
q3a,0.016486167907714844
q12c,0.0054209232330322266
q4,0.01800704002380371
q3c,0.012675046920776367
q6,0.024008989334106445
q9,0.028992891311645508
q8,0.036093950271606445
q5a,0.01790904998779297
q5b,0.014660835266113281
q11,0.006982088088989258
q10,0.003506898880004883
qall,0.003818035125732422
q7,0.020666837692260742
