func_name,sleepycat
q1,0.010718107223510742
q3b,0.011573076248168945
q3a,0.010731935501098633
q12c,0.012601137161254883
q4,0.03592085838317871
q3c,0.009601116180419922
q6,0.02887105941772461
q9,0.012047052383422852
q8,0.03940391540527344
q5a,0.014550924301147461
q5b,0.009302854537963867
q11,0.011204957962036133
q10,0.009927034378051758
qall,0.0049779415130615234
q7,0.020946025848388672
