func_name,sleepycat
q1,0.009937047958374023
q3b,0.02011895179748535
q3a,0.010205984115600586
q12c,0.009526968002319336
q4,0.022717952728271484
q3c,0.011368036270141602
q6,0.036859989166259766
q9,0.008575916290283203
q8,0.045809030532836914
q5a,0.016915082931518555
q5b,0.014828920364379883
q11,0.006844043731689453
q10,0.006491899490356445
qall,0.0027039051055908203
q7,0.02752399444580078
