func_name,sleepycat
q1,0.014754056930541992
q3b,0.011853933334350586
q3a,0.009365081787109375
q12c,0.011334896087646484
q4,0.021497011184692383
q3c,0.01447296142578125
q6,0.02521991729736328
q9,0.012493133544921875
q8,0.03663516044616699
q5a,0.013770103454589844
q5b,0.01470494270324707
q11,0.012080192565917969
q10,0.008538007736206055
qall,0.005583047866821289
q7,0.02767205238342285
