func_name,sleepycat
q1,0.010518074035644531
q3b,0.012991905212402344
q3a,0.012642860412597656
q12c,0.00935506820678711
q4,0.021778106689453125
q3c,0.00987696647644043
q6,0.029839038848876953
q9,0.008407831192016602
q8,0.04945707321166992
q5a,0.019962072372436523
q5b,0.008177995681762695
q11,0.009642839431762695
q10,0.006306886672973633
qall,0.011647939682006836
q7,0.027419090270996094
