func_name,sleepycat
q1,0.0068280696868896484
q3b,0.013059139251708984
q3a,0.015331029891967773
q12c,0.013159036636352539
q4,0.016724109649658203
q3c,0.009747982025146484
q6,0.02548694610595703
q9,0.008764982223510742
q8,0.04577898979187012
q5a,0.013930082321166992
q5b,0.008363008499145508
q11,0.011311054229736328
q10,0.007184028625488281
qall,0.0036630630493164062
q7,0.0267488956451416
