func_name,sleepycat
q1,0.010010957717895508
q3b,0.013822793960571289
q3a,0.013641834259033203
q12c,0.00713801383972168
q4,0.026719093322753906
q3c,0.013258934020996094
q6,0.03432202339172363
q9,0.013203144073486328
q8,0.05215716361999512
q5a,0.02137279510498047
q5b,0.013112783432006836
q11,0.00950002670288086
q10,0.005851030349731445
qall,0.004042148590087891
q7,0.033738136291503906
