func_name,sleepycat
q1,0.009971141815185547
q3b,0.01602792739868164
q3a,0.0191800594329834
q12c,0.008854866027832031
q4,0.02763199806213379
q3c,0.015019893646240234
q6,0.03611898422241211
q9,0.012473106384277344
q8,0.05105090141296387
q5a,0.02151799201965332
q5b,0.013563156127929688
q11,0.011784076690673828
q10,0.004979133605957031
qall,0.008781909942626953
q7,0.03422403335571289
