func_name,sleepycat
q1,0.010015010833740234
q3b,0.013858795166015625
q3a,0.019959211349487305
q12c,0.013295888900756836
q4,0.024563074111938477
q3c,0.014693975448608398
q6,0.03507804870605469
q9,0.020776987075805664
q8,0.05179595947265625
q5a,0.03229498863220215
q5b,0.012157917022705078
q11,0.00987386703491211
q10,0.010281801223754883
qall,0.009624004364013672
q7,0.030735015869140625
