func_name,sleepycat
q1,0.0097808837890625
q3b,0.013719797134399414
q3a,0.019971132278442383
q12c,0.007214784622192383
q4,0.02414989471435547
q3c,0.013346195220947266
q6,0.034242868423461914
q9,0.01200413703918457
q8,0.050534963607788086
q5a,0.019959211349487305
q5b,0.011862039566040039
q11,0.009595870971679688
q10,0.004982948303222656
qall,0.003860950469970703
q7,0.03178095817565918
