func_name,sleepycat
q1,0.009777069091796875
q3b,0.013604164123535156
q3a,0.013221025466918945
q12c,0.0072519779205322266
q4,0.02406597137451172
q3c,0.013607025146484375
q6,0.03401613235473633
q9,0.011982917785644531
q8,0.054353952407836914
q5a,0.02016282081604004
q5b,0.011885881423950195
q11,0.009638786315917969
q10,0.005146980285644531
qall,0.003846883773803711
q7,0.031703948974609375
