func_name,sleepycat
q1,0.009811878204345703
q3b,0.013742923736572266
q3a,0.013540983200073242
q12c,0.00711822509765625
q4,0.02756810188293457
q3c,0.013720035552978516
q6,0.03411293029785156
q9,0.012052059173583984
q8,0.050026893615722656
q5a,0.02218914031982422
q5b,0.012013912200927734
q11,0.009781837463378906
q10,0.005091190338134766
qall,0.0039010047912597656
q7,0.03070211410522461
