func_name,sleepycat
q1,0.010661125183105469
q3b,0.013329029083251953
q3a,0.014406919479370117
q12c,0.06630182266235352
q4,0.02418994903564453
q3c,0.013275861740112305
q6,0.03392601013183594
q9,0.011965036392211914
q8,0.050704002380371094
q5a,0.01980304718017578
q5b,0.01227116584777832
q11,0.00980997085571289
q10,0.00501704216003418
qall,0.6298799514770508
q7,0.032325029373168945
