func_name,sleepycat
q1,0.023214101791381836
q3b,0.013943910598754883
q3a,0.013800859451293945
q12c,0.007359027862548828
q4,0.024343013763427734
q3c,0.014220952987670898
q6,0.035058021545410156
q9,0.012305021286010742
q8,0.05446505546569824
q5a,0.02742600440979004
q5b,0.01254415512084961
q11,0.009817123413085938
q10,0.004973888397216797
qall,0.003882169723510742
q7,0.03252291679382324
