func_name,sleepycat
q1,0.01865983009338379
q3b,0.020188093185424805
q3a,0.013185977935791016
q12c,0.0071370601654052734
q4,0.024255037307739258
q3c,0.014126062393188477
q6,0.03411698341369629
q9,0.011903047561645508
q8,0.050286054611206055
q5a,0.019895076751708984
q5b,0.011893987655639648
q11,0.009550094604492188
q10,0.004940986633300781
qall,0.0047969818115234375
q7,0.030905961990356445
