func_name,sleepycat
q1,0.011781930923461914
q3b,0.014505863189697266
q3a,0.014941930770874023
q12c,0.013029098510742188
q4,0.02445697784423828
q3c,0.028416156768798828
q6,0.03497600555419922
q9,0.01259303092956543
q8,0.054353952407836914
q5a,0.020328044891357422
q5b,0.018451929092407227
q11,0.010215997695922852
q10,0.011893987655639648
qall,0.007005929946899414
q7,0.030935049057006836
