func_name,sleepycat
q1,0.006786823272705078
q3b,0.012596845626831055
q3a,0.010097980499267578
q12c,0.013514041900634766
q4,0.020182132720947266
q3c,0.009537935256958008
q6,0.027055978775024414
q9,0.012372016906738281
q8,0.04201912879943848
q5a,0.017583131790161133
q5b,0.012681961059570312
q11,0.006760120391845703
q10,0.009920120239257812
qall,0.006763935089111328
q7,0.025354862213134766
