func_name,sleepycat
q1,0.007390022277832031
q3b,0.010403871536254883
q3a,0.010277986526489258
q12c,0.00740504264831543
q4,0.018503904342651367
q3c,0.010532855987548828
q6,0.0237119197845459
q9,0.01574110984802246
q8,0.04169797897338867
q5a,0.016160011291503906
q5b,0.011900186538696289
q11,0.013601064682006836
q10,0.012336015701293945
qall,0.49001502990722656
q7,0.02122807502746582
