func_name,sleepycat
q1,0.009490966796875
q3b,0.011749029159545898
q3a,0.01494598388671875
q12c,0.01049494743347168
q4,0.022691011428833008
q3c,0.01335000991821289
q6,0.028645992279052734
q9,0.012508153915405273
q8,0.04080510139465332
q5a,0.018409013748168945
q5b,0.0157010555267334
q11,0.010894060134887695
q10,0.008147001266479492
qall,0.004650115966796875
q7,0.03205084800720215
