func_name,sleepycat
q1,0.01111912727355957
q3b,0.017176151275634766
q3a,0.01430201530456543
q12c,0.008795022964477539
q4,0.01953291893005371
q3c,0.00993800163269043
q6,0.03139209747314453
q9,0.009541988372802734
q8,0.04056286811828613
q5a,0.018652915954589844
q5b,0.012778043746948242
q11,0.010285139083862305
q10,0.007831096649169922
qall,0.006626129150390625
q7,0.02863788604736328
