func_name,sleepycat
q1,0.00886082649230957
q3b,0.011846065521240234
q3a,0.009452104568481445
q12c,0.009207010269165039
q4,0.02017807960510254
q3c,0.012547016143798828
q6,0.02302694320678711
q9,0.010500907897949219
q8,0.039578914642333984
q5a,0.017750978469848633
q5b,0.012647867202758789
q11,0.010469198226928711
q10,0.006991863250732422
qall,0.007999897003173828
q7,0.0218350887298584
