func_name,sleepycat
q1,0.009428024291992188
q3b,0.022657155990600586
q3a,0.012574195861816406
q12c,0.009686946868896484
q4,0.02225494384765625
q3c,0.018352985382080078
q6,0.028629064559936523
q9,0.011587858200073242
q8,0.0356600284576416
q5a,0.013592958450317383
q5b,0.012022972106933594
q11,0.011094093322753906
q10,0.013298988342285156
qall,0.003754854202270508
q7,0.020512104034423828
