func_name,sleepycat
q1,0.012564897537231445
q3b,0.016546010971069336
q3a,0.01644301414489746
q12c,0.006851911544799805
q4,0.020962953567504883
q3c,0.011879920959472656
q6,0.03154778480529785
q9,0.012430906295776367
q8,0.03872203826904297
q5a,0.018622159957885742
q5b,0.014250993728637695
q11,0.009687185287475586
q10,0.008720874786376953
qall,0.006237983703613281
q7,0.021652936935424805
