func_name,sleepycat
q1,0.015918970108032227
q3b,0.011645793914794922
q3a,0.01919102668762207
q12c,0.007369041442871094
q4,0.02062201499938965
q3c,0.011938095092773438
q6,0.026725053787231445
q9,0.015377044677734375
q8,0.05512189865112305
q5a,0.018594026565551758
q5b,0.014863967895507812
q11,0.009760856628417969
q10,0.004693031311035156
qall,0.0037720203399658203
q7,0.024147987365722656
