func_name,sleepycat
q1,0.012185096740722656
q3b,0.009876012802124023
q3a,0.015993118286132812
q12c,0.007144927978515625
q4,0.017625093460083008
q3c,0.00943613052368164
q6,0.02523493766784668
q9,0.01894092559814453
q8,0.03822803497314453
q5a,0.016537904739379883
q5b,0.012006998062133789
q11,0.010350942611694336
q10,0.0127410888671875
qall,0.006538867950439453
q7,0.020914077758789062
