func_name,sleepycat
q1,0.008710861206054688
q3b,0.014786005020141602
q3a,0.010987043380737305
q12c,0.009353160858154297
q4,0.028477907180786133
q3c,0.015585899353027344
q6,0.02894115447998047
q9,0.01491403579711914
q8,0.03867506980895996
q5a,0.014081001281738281
q5b,0.00899505615234375
q11,0.018996000289916992
q10,0.01019906997680664
qall,0.004832029342651367
q7,0.030982017517089844
