func_name,sleepycat
q1,0.014358043670654297
q3b,0.014378070831298828
q3a,0.01919078826904297
q12c,0.012935876846313477
q4,0.03519606590270996
q3c,0.015154838562011719
q6,0.03516793251037598
q9,0.010394096374511719
q8,0.04052281379699707
q5a,0.016937971115112305
q5b,0.008565902709960938
q11,0.012547969818115234
q10,0.007158041000366211
qall,0.008424997329711914
q7,0.024348974227905273
