func_name,sleepycat
q1,0.010393857955932617
q3b,0.012797832489013672
q3a,0.014965057373046875
q12c,0.009238004684448242
q4,0.02384209632873535
q3c,0.01606011390686035
q6,0.03050994873046875
q9,0.020591020584106445
q8,0.046308040618896484
q5a,0.02240586280822754
q5b,0.011195182800292969
q11,0.01854395866394043
q10,0.0073812007904052734
qall,0.004793882369995117
q7,0.030039072036743164
