func_name,sleepycat
q1,0.008059024810791016
q3b,0.015129804611206055
q3a,0.012701988220214844
q12c,0.012269973754882812
q4,0.019125938415527344
q3c,0.01671600341796875
q6,0.036981821060180664
q9,0.013142824172973633
q8,0.03854107856750488
q5a,0.01565694808959961
q5b,0.01728200912475586
q11,0.010642051696777344
q10,0.006026029586791992
qall,0.002730846405029297
q7,0.02778005599975586
