func_name,sleepycat
q1,0.016048192977905273
q3b,0.02248096466064453
q3a,0.01352381706237793
q12c,0.006186962127685547
q4,0.02261495590209961
q3c,0.02317214012145996
q6,0.031114816665649414
q9,0.008662939071655273
q8,0.042884111404418945
q5a,0.01740407943725586
q5b,0.023590087890625
q11,0.014079093933105469
q10,0.0076830387115478516
qall,0.01025390625
q7,0.022558927536010742
