func_name,sleepycat
q1,0.009839057922363281
q3b,0.01306605339050293
q3a,0.01663517951965332
q12c,0.018967866897583008
q4,0.021442890167236328
q3c,0.012492179870605469
q6,0.026659011840820312
q9,0.012913942337036133
q8,0.042549848556518555
q5a,0.020705223083496094
q5b,0.016546964645385742
q11,0.009258031845092773
q10,0.005555152893066406
qall,0.010528802871704102
q7,0.023923158645629883
