func_name,sleepycat
q1,0.007442951202392578
q3b,0.013767004013061523
q3a,0.019250154495239258
q12c,0.007465839385986328
q4,0.026814937591552734
q3c,0.014620780944824219
q6,0.040708065032958984
q9,0.008991003036499023
q8,0.07569289207458496
q5a,0.02187800407409668
q5b,0.008842945098876953
q11,0.00719904899597168
q10,0.011401891708374023
qall,0.010092020034790039
q7,0.05409598350524902
