func_name,sleepycat
q1,0.00844717025756836
q3b,0.01512289047241211
q3a,0.012176990509033203
q12c,0.00787806510925293
q4,0.01934194564819336
q3c,0.02105402946472168
q6,0.026112079620361328
q9,0.009398937225341797
q8,0.04203510284423828
q5a,0.017915964126586914
q5b,0.01434779167175293
q11,0.0072231292724609375
q10,0.0056989192962646484
qall,0.0029480457305908203
q7,0.02572011947631836
