func_name,sleepycat
q1,0.008011102676391602
q3b,0.013544082641601562
q3a,0.015958070755004883
q12c,0.016234874725341797
q4,0.035063982009887695
q3c,0.015402078628540039
q6,0.03403282165527344
q9,0.018010854721069336
q8,0.04529404640197754
q5a,0.015755176544189453
q5b,0.01540994644165039
q11,0.01635909080505371
q10,0.010598897933959961
qall,0.004619121551513672
q7,0.024592161178588867
