func_name,sleepycat
q1,0.012108087539672852
q3b,0.015076875686645508
q3a,0.02100396156311035
q12c,0.006649971008300781
q4,0.030002832412719727
q3c,0.01535797119140625
q6,0.032620906829833984
q9,0.020301103591918945
q8,0.048805952072143555
q5a,0.015774011611938477
q5b,0.009313106536865234
q11,0.008201837539672852
q10,0.01077890396118164
qall,0.009797096252441406
q7,0.025397062301635742
