func_name,sleepycat
q1,0.011397123336791992
q3b,0.014779090881347656
q3a,0.012964010238647461
q12c,0.005344867706298828
q4,0.023298978805541992
q3c,0.010544061660766602
q6,0.03750491142272949
q9,0.009317874908447266
q8,0.038657188415527344
q5a,0.01689887046813965
q5b,0.013870000839233398
q11,0.012069940567016602
q10,0.0036230087280273438
qall,0.009972095489501953
q7,0.03082585334777832
