func_name,sleepycat
q1,0.014399051666259766
q3b,0.012451887130737305
q3a,0.018584012985229492
q12c,0.009256124496459961
q4,0.028410911560058594
q3c,0.016716957092285156
q6,0.02935314178466797
q9,0.01576685905456543
q8,0.0397799015045166
q5a,0.015735864639282227
q5b,0.011399984359741211
q11,0.008103132247924805
q10,0.0064389705657958984
qall,0.006606101989746094
q7,0.03458404541015625
