func_name,sleepycat
q1,0.014114856719970703
q3b,0.01924610137939453
q3a,0.009588956832885742
q12c,0.0108489990234375
q4,0.019752025604248047
q3c,0.018967151641845703
q6,0.03366708755493164
q9,0.015810012817382812
q8,0.0415499210357666
q5a,0.02103710174560547
q5b,0.016165971755981445
q11,0.011132001876831055
q10,0.005632162094116211
qall,0.0027680397033691406
q7,0.02647113800048828
