func_name,sleepycat
q1,0.010038137435913086
q3b,0.015286922454833984
q3a,0.011951923370361328
q12c,0.015697002410888672
q4,0.022845029830932617
q3c,0.01043701171875
q6,0.031690120697021484
q9,0.013638019561767578
q8,0.05640602111816406
q5a,0.020336151123046875
q5b,0.01690506935119629
q11,0.008993864059448242
q10,0.005967855453491211
qall,0.009790182113647461
q7,0.029780864715576172
