func_name,sleepycat
q1,0.014328956604003906
q3b,0.025149106979370117
q3a,0.011270999908447266
q12c,0.00540614128112793
q4,0.024480104446411133
q3c,0.018830060958862305
q6,0.028522014617919922
q9,0.01898193359375
q8,0.04303097724914551
q5a,0.024267911911010742
q5b,0.010551929473876953
q11,0.015210151672363281
q10,0.014551162719726562
qall,0.00807809829711914
q7,0.026726961135864258
