func_name,sleepycat
q1,0.012865066528320312
q3b,0.02029109001159668
q3a,0.018986940383911133
q12c,0.008423089981079102
q4,0.021742820739746094
q3c,0.013849973678588867
q6,0.034004926681518555
q9,0.017832040786743164
q8,0.043923139572143555
q5a,0.014211893081665039
q5b,0.00835108757019043
q11,0.007684946060180664
q10,0.005792140960693359
qall,0.006499052047729492
q7,0.02384495735168457
