func_name,sleepycat
q1,0.011681079864501953
q3b,0.017506122589111328
q3a,0.015133857727050781
q12c,0.009874820709228516
q4,0.018362045288085938
q3c,0.01022791862487793
q6,0.038736820220947266
q9,0.011559009552001953
q8,0.04554486274719238
q5a,0.021403789520263672
q5b,0.01651597023010254
q11,0.009899139404296875
q10,0.012883901596069336
qall,0.0032999515533447266
q7,0.04721522331237793
