func_name,sleepycat
q1,0.015143871307373047
q3b,0.01701498031616211
q3a,0.013100862503051758
q12c,0.006292819976806641
q4,0.017117023468017578
q3c,0.016555070877075195
q6,0.028689146041870117
q9,0.011105060577392578
q8,0.03661608695983887
q5a,0.015689849853515625
q5b,0.012004852294921875
q11,0.015391111373901367
q10,0.009649038314819336
qall,0.00471806526184082
q7,0.025508880615234375
