func_name,sleepycat
q1,0.010864973068237305
q3b,0.009914159774780273
q3a,0.017084121704101562
q12c,0.012650012969970703
q4,0.023295164108276367
q3c,0.010841846466064453
q6,0.028335094451904297
q9,0.010231971740722656
q8,0.04553794860839844
q5a,0.019817113876342773
q5b,0.010506153106689453
q11,0.012588024139404297
q10,0.007838010787963867
qall,0.0027718544006347656
q7,0.027034997940063477
