func_name,sleepycat
q1,0.008694171905517578
q3b,0.012870073318481445
q3a,0.014908075332641602
q12c,0.012188911437988281
q4,0.02576589584350586
q3c,0.014671087265014648
q6,0.02918100357055664
q9,0.018331050872802734
q8,0.06628704071044922
q5a,0.017737150192260742
q5b,0.011327028274536133
q11,0.015638113021850586
q10,0.007915973663330078
qall,0.010380029678344727
q7,0.028683185577392578
