func_name,sleepycat
q1,0.011862039566040039
q3b,0.01772904396057129
q3a,0.01577901840209961
q12c,0.01419210433959961
q4,0.021637916564941406
q3c,0.017639875411987305
q6,0.025784015655517578
q9,0.018069028854370117
q8,0.05427694320678711
q5a,0.029377222061157227
q5b,0.014571189880371094
q11,0.012960195541381836
q10,0.014113903045654297
qall,0.4308750629425049
q7,0.026546001434326172
