func_name,sleepycat
q1,0.007575035095214844
q3b,0.012804031372070312
q3a,0.019392967224121094
q12c,0.010441780090332031
q4,0.024302959442138672
q3c,0.015655040740966797
q6,0.02349996566772461
q9,0.01608586311340332
q8,0.0385739803314209
q5a,0.015738964080810547
q5b,0.014577865600585938
q11,0.012867927551269531
q10,0.0036840438842773438
qall,0.43889403343200684
q7,0.024909019470214844
