func_name,sleepycat
q1,0.009629011154174805
q3b,0.018136978149414062
q3a,0.013712882995605469
q12c,0.007731914520263672
q4,0.024244070053100586
q3c,0.01129293441772461
q6,0.028707027435302734
q9,0.012455224990844727
q8,0.04547595977783203
q5a,0.03007817268371582
q5b,0.014055013656616211
q11,0.012111902236938477
q10,0.00391697883605957
qall,0.004686832427978516
q7,0.028079986572265625
