func_name,sleepycat
q1,0.011137008666992188
q3b,0.01868605613708496
q3a,0.02188396453857422
q12c,0.01083993911743164
q4,0.04641294479370117
q3c,0.015471935272216797
q6,0.03367304801940918
q9,0.02280402183532715
q8,0.05076313018798828
q5a,0.016515016555786133
q5b,0.010998010635375977
q11,0.011250019073486328
q10,0.00628209114074707
qall,0.0052280426025390625
q7,0.034394025802612305
