func_name,sleepycat
q1,0.008456230163574219
q3b,0.020834922790527344
q3a,0.022454023361206055
q12c,0.011471033096313477
q4,0.022834062576293945
q3c,0.014281988143920898
q6,0.02430105209350586
q9,0.012803077697753906
q8,0.03712296485900879
q5a,0.020557880401611328
q5b,0.015779972076416016
q11,0.01128387451171875
q10,0.008007049560546875
qall,0.0028820037841796875
q7,0.031555891036987305
