func_name,sleepycat
q1,0.010174036026000977
q3b,0.012952089309692383
q3a,0.016299962997436523
q12c,0.012022972106933594
q4,0.019598007202148438
q3c,0.009790182113647461
q6,0.025038957595825195
q9,0.011354923248291016
q8,0.04238390922546387
q5a,0.019762039184570312
q5b,0.007938146591186523
q11,0.00988912582397461
q10,0.005650997161865234
qall,0.004712104797363281
q7,0.03821516036987305
