func_name,sleepycat
q1,0.017174959182739258
q3b,0.017175912857055664
q3a,0.02114415168762207
q12c,0.009511947631835938
q4,0.028165817260742188
q3c,0.010404825210571289
q6,0.02462315559387207
q9,0.018784046173095703
q8,0.04050016403198242
q5a,0.018598079681396484
q5b,0.013199090957641602
q11,0.009196043014526367
q10,0.014299154281616211
qall,0.011160850524902344
q7,0.0405120849609375
