func_name,sleepycat
q1,0.009593009948730469
q3b,0.012302875518798828
q3a,0.014177799224853516
q12c,0.010317087173461914
q4,0.03097391128540039
q3c,0.011728048324584961
q6,0.0428919792175293
q9,0.008836030960083008
q8,0.04034614562988281
q5a,0.01945209503173828
q5b,0.009109020233154297
q11,0.013623952865600586
q10,0.004287004470825195
qall,0.006890058517456055
q7,0.028183937072753906
