func_name,sleepycat
q1,0.00991201400756836
q3b,0.013414859771728516
q3a,0.011059045791625977
q12c,0.013477087020874023
q4,0.019134044647216797
q3c,0.02466893196105957
q6,0.03509092330932617
q9,0.00902104377746582
q8,0.05034899711608887
q5a,0.018666982650756836
q5b,0.008472919464111328
q11,0.017459869384765625
q10,0.014088153839111328
qall,0.011034011840820312
q7,0.027851104736328125
