func_name,sleepycat
q1,0.007058858871459961
q3b,0.015012979507446289
q3a,0.011839866638183594
q12c,0.013134002685546875
q4,0.016221046447753906
q3c,0.014204025268554688
q6,0.029670000076293945
q9,0.010504961013793945
q8,0.03532004356384277
q5a,0.02126908302307129
q5b,0.010753154754638672
q11,0.012336015701293945
q10,0.014352083206176758
qall,0.0035200119018554688
q7,0.032617807388305664
