func_name,sleepycat
q1,0.014892816543579102
q3b,0.00969696044921875
q3a,0.015861034393310547
q12c,0.011667013168334961
q4,0.029896020889282227
q3c,0.021023035049438477
q6,0.029307842254638672
q9,0.015107154846191406
q8,0.05030107498168945
q5a,0.01635909080505371
q5b,0.011219978332519531
q11,0.012048006057739258
q10,0.01279902458190918
qall,0.0038530826568603516
q7,0.020916223526000977
