func_name,sleepycat
q1,0.014857053756713867
q3b,0.013406038284301758
q3a,0.016401052474975586
q12c,0.048274993896484375
q4,0.024711132049560547
q3c,0.018213987350463867
q6,0.03478407859802246
q9,0.014909982681274414
q8,0.05048108100891113
q5a,0.019831180572509766
q5b,0.014517068862915039
q11,0.01209712028503418
q10,0.005053997039794922
qall,0.6936180591583252
q7,0.03546714782714844
