func_name,sleepycat
q1,0.015982866287231445
q3b,0.0190889835357666
q3a,0.015136957168579102
q12c,0.007150888442993164
q4,0.028307199478149414
q3c,0.013258934020996094
q6,0.03877711296081543
q9,0.011898994445800781
q8,0.05382108688354492
q5a,0.019913196563720703
q5b,0.015574932098388672
q11,0.013334035873413086
q10,0.005354881286621094
qall,0.004257917404174805
q7,0.03158998489379883
