func_name,sleepycat
q1,0.0127410888671875
q3b,0.016634225845336914
q3a,0.013167858123779297
q12c,0.007109880447387695
q4,0.02707695960998535
q3c,0.01332998275756836
q6,0.04108405113220215
q9,0.014425992965698242
q8,0.050614118576049805
q5a,0.01992487907409668
q5b,0.01512908935546875
q11,0.012104988098144531
q10,0.004961967468261719
qall,0.0038650035858154297
q7,0.04168391227722168
