func_name,sleepycat
q1,0.01001596450805664
q3b,0.014420032501220703
q3a,0.01655101776123047
q12c,0.007870912551879883
q4,0.025856971740722656
q3c,0.017075061798095703
q6,0.04282188415527344
q9,0.015614986419677734
q8,0.05093097686767578
q5a,0.02135491371154785
q5b,0.01696491241455078
q11,0.013308048248291016
q10,0.005463123321533203
qall,0.003905057907104492
q7,0.0359799861907959
