func_name,sleepycat
q1,0.009951114654541016
q3b,0.013881921768188477
q3a,0.01536107063293457
q12c,0.00942087173461914
q4,0.024332046508789062
q3c,0.0159149169921875
q6,0.03707599639892578
q9,0.011986017227172852
q8,0.05371689796447754
q5a,0.019975900650024414
q5b,0.012115001678466797
q11,0.009707927703857422
q10,0.00704193115234375
qall,0.005774021148681641
q7,0.030829906463623047
