func_name,sleepycat
q1,0.01335287094116211
q3b,0.01633906364440918
q3a,0.01335906982421875
q12c,0.010616064071655273
q4,0.024198055267333984
q3c,0.013290882110595703
q6,0.03448915481567383
q9,0.01700305938720703
q8,0.05704498291015625
q5a,0.02274799346923828
q5b,0.01191091537475586
q11,0.010200977325439453
q10,0.007331132888793945
qall,0.0041141510009765625
q7,0.034255027770996094
