func_name,sleepycat
q1,0.009891986846923828
q3b,0.017522096633911133
q3a,0.01412200927734375
q12c,0.010167837142944336
q4,0.028174877166748047
q3c,0.013401985168457031
q6,0.0381169319152832
q9,0.012399911880493164
q8,0.05369997024536133
q5a,0.02354907989501953
q5b,0.011977910995483398
q11,0.009607076644897461
q10,0.00881814956665039
qall,0.006584882736206055
q7,0.03290605545043945
