func_name,sleepycat
q1,0.009826183319091797
q3b,0.01954197883605957
q3a,0.015843868255615234
q12c,0.01117396354675293
q4,0.02417588233947754
q3c,0.015832901000976562
q6,0.037158966064453125
q9,0.013176918029785156
q8,0.05485105514526367
q5a,0.022842884063720703
q5b,0.011869192123413086
q11,0.010468006134033203
q10,0.009716033935546875
qall,0.0055730342864990234
q7,0.03170013427734375
