func_name,sleepycat
q1,0.010596036911010742
q3b,0.018309831619262695
q3a,0.016811847686767578
q12c,0.007163047790527344
q4,0.024686098098754883
q3c,0.015241861343383789
q6,0.03453493118286133
q9,0.011919021606445312
q8,0.05601191520690918
q5a,0.021669864654541016
q5b,0.01227116584777832
q11,0.009515047073364258
q10,0.004906892776489258
qall,0.006162881851196289
q7,0.03341102600097656
