func_name,sleepycat
q1,0.010310173034667969
q3b,0.017509937286376953
q3a,0.017207860946655273
q12c,0.012537956237792969
q4,0.024522066116333008
q3c,0.016453981399536133
q6,0.04022693634033203
q9,0.013427019119262695
q8,0.05080103874206543
q5a,0.024183988571166992
q5b,0.012127161026000977
q11,0.011844158172607422
q10,0.011063098907470703
qall,0.003841876983642578
q7,0.03380703926086426
