func_name,sleepycat
q1,0.01127004623413086
q3b,0.015594959259033203
q3a,0.014693021774291992
q12c,0.007340908050537109
q4,0.026247024536132812
q3c,0.013242006301879883
q6,0.03401994705200195
q9,0.013190984725952148
q8,0.05014610290527344
q5a,0.024599075317382812
q5b,0.011745929718017578
q11,0.011185169219970703
q10,0.006479024887084961
qall,0.0038831233978271484
q7,0.03747391700744629
