func_name,sleepycat
q1,0.013855934143066406
q3b,0.01718282699584961
q3a,0.01717400550842285
q12c,0.010796070098876953
q4,0.024000883102416992
q3c,0.01390385627746582
q6,0.03395700454711914
q9,0.014864921569824219
q8,0.05330300331115723
q5a,0.022153139114379883
q5b,0.016962051391601562
q11,0.013854026794433594
q10,0.008756875991821289
qall,0.0075931549072265625
q7,0.03160691261291504
