func_name,sleepycat
q1,0.011163949966430664
q3b,0.015465021133422852
q3a,0.014781951904296875
q12c,0.008294105529785156
q4,0.025734901428222656
q3c,0.014904022216796875
q6,0.03721308708190918
q9,0.016110897064208984
q8,0.058203935623168945
q5a,0.020320892333984375
q5b,0.0245211124420166
q11,0.010449886322021484
q10,0.011361837387084961
qall,0.00592494010925293
q7,0.05594301223754883
