func_name,sleepycat
q1,0.010030031204223633
q3b,0.015398979187011719
q3a,0.01710987091064453
q12c,0.007776021957397461
q4,0.02546095848083496
q3c,0.014909029006958008
q6,0.0370028018951416
q9,0.015255928039550781
q8,0.05241084098815918
q5a,0.020064115524291992
q5b,0.01497197151184082
q11,0.009506940841674805
q10,0.005120992660522461
qall,0.004300117492675781
q7,0.03423595428466797
