func_name,sleepycat
q1,0.01214599609375
q3b,0.016131162643432617
q3a,0.016849994659423828
q12c,0.007836103439331055
q4,0.02367997169494629
q3c,0.013586997985839844
q6,0.03528904914855957
q9,0.0118560791015625
q8,0.051728010177612305
q5a,0.019668102264404297
q5b,0.01849985122680664
q11,0.009984016418457031
q10,0.005764961242675781
qall,0.681236982345581
q7,0.03301215171813965
