func_name,sleepycat
q1,0.01082611083984375
q3b,0.016536951065063477
q3a,0.014585018157958984
q12c,0.011201143264770508
q4,0.026958942413330078
q3c,0.01590895652770996
q6,0.03440999984741211
q9,0.01314401626586914
q8,0.05061602592468262
q5a,0.023047924041748047
q5b,0.015290975570678711
q11,0.011659860610961914
q10,0.006777048110961914
qall,0.004760026931762695
q7,0.03156304359436035
