func_name,sleepycat
q1,0.009881019592285156
q3b,0.013614892959594727
q3a,0.013252973556518555
q12c,0.015820980072021484
q4,0.024369001388549805
q3c,0.015858888626098633
q6,0.03441214561462402
q9,0.0168149471282959
q8,0.05910897254943848
q5a,0.023527860641479492
q5b,0.011929988861083984
q11,0.009368896484375
q10,0.010675907135009766
qall,0.004068136215209961
q7,0.03296804428100586
