func_name,sleepycat
q1,0.012652873992919922
q3b,0.0163729190826416
q3a,0.016662120819091797
q12c,0.007002830505371094
q4,0.024838924407958984
q3c,0.014529943466186523
q6,0.0357508659362793
q9,0.01796889305114746
q8,0.05554318428039551
q5a,0.02072000503540039
q5b,0.01288604736328125
q11,0.009558916091918945
q10,0.00522303581237793
qall,0.0066339969635009766
q7,0.03185415267944336
