func_name,sleepycat
q1,0.009943962097167969
q3b,0.014923095703125
q3a,0.01626896858215332
q12c,0.01025700569152832
q4,0.0287020206451416
q3c,0.017894983291625977
q6,0.03472113609313965
q9,0.01786017417907715
q8,0.05560302734375
q5a,0.025581836700439453
q5b,0.011870861053466797
q11,0.013559818267822266
q10,0.00834798812866211
qall,0.003876209259033203
q7,0.03452587127685547
