func_name,sleepycat
q1,0.009814977645874023
q3b,0.013610124588012695
q3a,0.013331174850463867
q12c,0.012575149536132812
q4,0.0259249210357666
q3c,0.015477895736694336
q6,0.035485029220581055
q9,0.01565408706665039
q8,0.05555582046508789
q5a,0.023339033126831055
q5b,0.014580965042114258
q11,0.012826919555664062
q10,0.008240938186645508
qall,0.003941059112548828
q7,0.035247087478637695
