func_name,sleepycat
q1,0.01217198371887207
q3b,0.012279033660888672
q3a,0.01052999496459961
q12c,0.007096052169799805
q4,0.01850414276123047
q3c,0.011280059814453125
q6,0.025031089782714844
q9,0.011646032333374023
q8,0.03802323341369629
q5a,0.02078390121459961
q5b,0.00859689712524414
q11,0.00806283950805664
q10,0.003665924072265625
qall,0.0062940120697021484
q7,0.03416800498962402
