func_name,sleepycat
q1,0.01003885269165039
q3b,0.01402592658996582
q3a,0.0175931453704834
q12c,0.013717889785766602
q4,0.01739192008972168
q3c,0.024169921875
q6,0.035964012145996094
q9,0.008471965789794922
q8,0.04214906692504883
q5a,0.02423095703125
q5b,0.012258052825927734
q11,0.011127948760986328
q10,0.004010915756225586
qall,0.004103899002075195
q7,0.03441786766052246
