func_name,sleepycat
q1,0.007277011871337891
q3b,0.025162935256958008
q3a,0.016242027282714844
q12c,0.011886835098266602
q4,0.02567601203918457
q3c,0.014195919036865234
q6,0.028380870819091797
q9,0.0163118839263916
q8,0.04372000694274902
q5a,0.020219087600708008
q5b,0.009756088256835938
q11,0.008894920349121094
q10,0.0050890445709228516
qall,0.004308938980102539
q7,0.026453018188476562
