func_name,sleepycat
q1,0.01726508140563965
q3b,0.01657414436340332
q3a,0.016496896743774414
q12c,0.007297992706298828
q4,0.019227027893066406
q3c,0.009927988052368164
q6,0.03670001029968262
q9,0.00867605209350586
q8,0.04590201377868652
q5a,0.022446155548095703
q5b,0.01553797721862793
q11,0.010237932205200195
q10,0.005048036575317383
qall,0.4514491558074951
q7,0.027125120162963867
