func_name,sleepycat
q1,0.010296106338500977
q3b,0.01430201530456543
q3a,0.019589900970458984
q12c,0.01069784164428711
q4,0.01738286018371582
q3c,0.014161109924316406
q6,0.03629612922668457
q9,0.015525102615356445
q8,0.03733181953430176
q5a,0.014611959457397461
q5b,0.01267385482788086
q11,0.012195110321044922
q10,0.0042629241943359375
qall,0.004258871078491211
q7,0.03199505805969238
