func_name,sleepycat
q1,0.009160995483398438
q3b,0.014611005783081055
q3a,0.012647867202758789
q12c,0.009022951126098633
q4,0.02310800552368164
q3c,0.016786813735961914
q6,0.037931203842163086
q9,0.008733987808227539
q8,0.03676605224609375
q5a,0.015246868133544922
q5b,0.014330863952636719
q11,0.006691932678222656
q10,0.006165027618408203
qall,0.00981903076171875
q7,0.024101972579956055
