func_name,sleepycat
q1,0.014627933502197266
q3b,0.01243901252746582
q3a,0.014333963394165039
q12c,0.007292985916137695
q4,0.017246007919311523
q3c,0.01228189468383789
q6,0.050769805908203125
q9,0.01279306411743164
q8,0.051300048828125
q5a,0.021114110946655273
q5b,0.018970966339111328
q11,0.007503032684326172
q10,0.005239009857177734
qall,0.00488591194152832
q7,0.03921914100646973
