func_name,sleepycat
q1,0.007139921188354492
q3b,0.014232158660888672
q3a,0.014007091522216797
q12c,0.008693933486938477
q4,0.019627094268798828
q3c,0.010033845901489258
q6,0.031755924224853516
q9,0.009016990661621094
q8,0.047425031661987305
q5a,0.014785051345825195
q5b,0.009184122085571289
q11,0.01594090461730957
q10,0.010658025741577148
qall,0.007481098175048828
q7,0.030015945434570312
