func_name,sleepycat
q1,0.011678934097290039
q3b,0.020963191986083984
q3a,0.01393580436706543
q12c,0.008936882019042969
q4,0.023417949676513672
q3c,0.014687061309814453
q6,0.03681612014770508
q9,0.017764806747436523
q8,0.037896156311035156
q5a,0.023784875869750977
q5b,0.013895034790039062
q11,0.0072748661041259766
q10,0.005254030227661133
qall,0.0036640167236328125
q7,0.028283119201660156
