func_name,sleepycat
q1,0.007237911224365234
q3b,0.019446134567260742
q3a,0.019668102264404297
q12c,0.01497507095336914
q4,0.026232004165649414
q3c,0.011607170104980469
q6,0.03894209861755371
q9,0.012233972549438477
q8,0.04186201095581055
q5a,0.026762962341308594
q5b,0.009782791137695312
q11,0.014423847198486328
q10,0.005568027496337891
qall,0.007233858108520508
q7,0.022189855575561523
