func_name,sleepycat
q1,0.010212898254394531
q3b,0.014722824096679688
q3a,0.016479969024658203
q12c,0.014777898788452148
q4,0.016532182693481445
q3c,0.016412019729614258
q6,0.02470707893371582
q9,0.014422893524169922
q8,0.04306387901306152
q5a,0.03177499771118164
q5b,0.00890207290649414
q11,0.0067408084869384766
q10,0.008989095687866211
qall,0.00481414794921875
q7,0.02712392807006836
