func_name,sleepycat
q1,0.013290882110595703
q3b,0.013290882110595703
q3a,0.015617132186889648
q12c,0.008064031600952148
q4,0.020111083984375
q3c,0.016698122024536133
q6,0.026535987854003906
q9,0.01572895050048828
q8,0.04423093795776367
q5a,0.022979021072387695
q5b,0.009443044662475586
q11,0.00877690315246582
q10,0.003984928131103516
qall,0.007704019546508789
q7,0.02599310874938965
