func_name,sleepycat
q1,0.007467985153198242
q3b,0.011841058731079102
q3a,0.01376199722290039
q12c,0.008183002471923828
q4,0.016819000244140625
q3c,0.016826868057250977
q6,0.04303908348083496
q9,0.01168680191040039
q8,0.03773689270019531
q5a,0.025016069412231445
q5b,0.008476018905639648
q11,0.00943303108215332
q10,0.012008905410766602
qall,0.43265509605407715
q7,0.04635310173034668
