func_name,sleepycat
q1,0.014508962631225586
q3b,0.013220071792602539
q3a,0.01815485954284668
q12c,0.006248950958251953
q4,0.027563095092773438
q3c,0.015013933181762695
q6,0.026268959045410156
q9,0.015531063079833984
q8,0.04335308074951172
q5a,0.018364906311035156
q5b,0.01682305335998535
q11,0.011831998825073242
q10,0.004648923873901367
qall,0.008578062057495117
q7,0.02140212059020996
