func_name,sleepycat
q1,0.011497020721435547
q3b,0.009267091751098633
q3a,0.017095088958740234
q12c,0.008780956268310547
q4,0.022877931594848633
q3c,0.016542911529541016
q6,0.026582002639770508
q9,0.008147001266479492
q8,0.043907880783081055
q5a,0.020478010177612305
q5b,0.009248018264770508
q11,0.012624025344848633
q10,0.0067119598388671875
qall,0.0074689388275146484
q7,0.027276992797851562
