func_name,sleepycat
q1,0.012787103652954102
q3b,0.013521909713745117
q3a,0.019716978073120117
q12c,0.012414216995239258
q4,0.016223907470703125
q3c,0.015569210052490234
q6,0.027304887771606445
q9,0.008154869079589844
q8,0.041249990463256836
q5a,0.013660907745361328
q5b,0.010056018829345703
q11,0.012495040893554688
q10,0.0047419071197509766
qall,0.006623029708862305
q7,0.025516986846923828
