func_name,sleepycat
q1,0.012401103973388672
q3b,0.01717090606689453
q3a,0.018254995346069336
q12c,0.008511066436767578
q4,0.01984095573425293
q3c,0.014729976654052734
q6,0.027621984481811523
q9,0.011718034744262695
q8,0.035485029220581055
q5a,0.014572858810424805
q5b,0.012485027313232422
q11,0.008448123931884766
q10,0.004220008850097656
qall,0.007377147674560547
q7,0.030663013458251953
