func_name,sleepycat
q1,0.013872861862182617
q3b,0.010145902633666992
q3a,0.017560958862304688
q12c,0.005127906799316406
q4,0.023561954498291016
q3c,0.015475034713745117
q6,0.02651691436767578
q9,0.008419036865234375
q8,0.04218101501464844
q5a,0.01731395721435547
q5b,0.008154153823852539
q11,0.010646820068359375
q10,0.00518488883972168
qall,0.00890803337097168
q7,0.032338857650756836
