func_name,sleepycat
q1,0.012907981872558594
q3b,0.015281915664672852
q3a,0.01159811019897461
q12c,0.011023998260498047
q4,0.017285823822021484
q3c,0.009322166442871094
q6,0.02921295166015625
q9,0.008157014846801758
q8,0.040438175201416016
q5a,0.015520811080932617
q5b,0.01122903823852539
q11,0.011626005172729492
q10,0.0067901611328125
qall,0.006109952926635742
q7,0.026792049407958984
