func_name,sleepycat
q1,0.006829023361206055
q3b,0.011645793914794922
q3a,0.014086008071899414
q12c,0.00515294075012207
q4,0.0174100399017334
q3c,0.012818098068237305
q6,0.025901079177856445
q9,0.0159609317779541
q8,0.05232596397399902
q5a,0.013465166091918945
q5b,0.013427019119262695
q11,0.008806943893432617
q10,0.00391387939453125
qall,0.002782106399536133
q7,0.026040077209472656
