func_name,virtuoso
query_all,1.6395110011100769
query_sp2b_q1,0.06437687873840332
query_sp2b_q2,0.5874195337295532
query_sp2b_q3a,0.10872855186462402
query_sp2b_q3b,0.004673433303833008
query_sp2b_q3c,0.003921091556549072
query_sp2b_q4,2.7710548877716064
query_sp2b_q9,0.02897145748138428
