func_name,virtuoso
query_all,1.8016409873962402
query_sp2b_q2,0.49561381340026855
query_sp2b_q1,0.0048220157623291016
query_sp2b_q4,2.634174108505249
query_sp2b_q3a,0.10648584365844727
query_sp2b_q3c,0.0038259029388427734
query_sp2b_q3b,0.004572153091430664
query_sp2b_q9,0.03663301467895508
