func_name,virtuoso
query_all,1.457995891571045
query_sp2b_q2,0.45001697540283203
query_sp2b_q1,0.00527191162109375
query_sp2b_q4,3.028085947036743
query_sp2b_q3a,0.10362911224365234
query_sp2b_q3c,0.0037488937377929688
query_sp2b_q3b,0.004512786865234375
query_sp2b_q9,0.01547098159790039
