func_name,virtuoso
query_all,1.7872309684753418
query_sp2b_q2,0.4693009853363037
query_sp2b_q1,0.004672050476074219
query_sp2b_q4,2.9159348011016846
query_sp2b_q3a,0.10400199890136719
query_sp2b_q3c,0.0037071704864501953
query_sp2b_q3b,0.00445103645324707
query_sp2b_q9,0.03879690170288086
