func_name,virtuoso
query_all,1.4219169616699219
query_sp2b_q2,0.4521670341491699
query_sp2b_q1,0.0054399967193603516
query_sp2b_q4,3.15511417388916
query_sp2b_q3a,0.10244083404541016
query_sp2b_q3c,0.003696918487548828
query_sp2b_q3b,0.004374980926513672
query_sp2b_q9,0.04164314270019531
