func_name,virtuoso
query_all,1.3345081806182861
query_sp2b_q2,0.9866759777069092
query_sp2b_q1,0.23099589347839355
query_sp2b_q4,2.5384938716888428
query_sp2b_q3a,0.10330700874328613
query_sp2b_q3c,0.0037240982055664062
query_sp2b_q3b,0.004853010177612305
query_sp2b_q9,0.03814983367919922
