func_name,virtuoso
query_all,1.351140022277832
query_sp2b_q2,0.421220064163208
query_sp2b_q1,0.0052449703216552734
query_sp2b_q4,3.2049479484558105
query_sp2b_q3a,0.11009407043457031
query_sp2b_q3c,0.003883838653564453
query_sp2b_q3b,0.0045549869537353516
query_sp2b_q9,0.03740882873535156
