func_name,virtuoso
query_all,1.7531909942626953
query_sp2b_q2,0.43782901763916016
query_sp2b_q1,0.23621201515197754
query_sp2b_q4,2.588632106781006
query_sp2b_q3a,0.10559391975402832
query_sp2b_q3c,0.005045890808105469
query_sp2b_q3b,0.005014896392822266
query_sp2b_q9,0.03736114501953125
