func_name,virtuoso
query_all,1.3282341957092285
query_sp2b_q2,0.47553110122680664
query_sp2b_q1,0.0046808719635009766
query_sp2b_q4,3.0055577754974365
query_sp2b_q3a,0.10384798049926758
query_sp2b_q3c,0.003735065460205078
query_sp2b_q3b,0.004754066467285156
query_sp2b_q9,0.036972999572753906
