func_name,virtuoso
query_all,1.248016119003296
query_sp2b_q2,0.4831540584564209
query_sp2b_q1,0.0053789615631103516
query_sp2b_q4,2.9391329288482666
query_sp2b_q3a,0.10437679290771484
query_sp2b_q3c,0.003776073455810547
query_sp2b_q3b,0.004910945892333984
query_sp2b_q9,0.012778997421264648
