func_name,virtuoso
query_all,1.7306909561157227
query_sp2b_q2,0.957629919052124
query_sp2b_q1,0.00475311279296875
query_sp2b_q4,2.47178316116333
query_sp2b_q3a,0.12462401390075684
query_sp2b_q3c,0.0037539005279541016
query_sp2b_q3b,0.004500150680541992
query_sp2b_q9,0.03620600700378418
