func_name,virtuoso
query_all,2.8639681339263916
query_sp2b_q2,0.4299631118774414
query_sp2b_q1,0.2309858798980713
query_sp2b_q4,3.012822151184082
query_sp2b_q3a,0.10283803939819336
query_sp2b_q3c,0.0037229061126708984
query_sp2b_q3b,0.0045719146728515625
query_sp2b_q9,0.011732101440429688
