func_name,virtuoso
query_all,1.3990280628204346
query_sp2b_q2,0.4452850818634033
query_sp2b_q1,0.004851102828979492
query_sp2b_q4,2.6974239349365234
query_sp2b_q3a,0.11357808113098145
query_sp2b_q3c,0.003962039947509766
query_sp2b_q3b,0.00535893440246582
query_sp2b_q9,0.042497873306274414
