func_name,virtuoso
query_all,1.3527469635009766
query_sp2b_q2,0.43930482864379883
query_sp2b_q1,0.004952907562255859
query_sp2b_q4,2.5481858253479004
query_sp2b_q3a,0.10417509078979492
query_sp2b_q3c,0.003854036331176758
query_sp2b_q3b,0.004675865173339844
query_sp2b_q9,0.01095890998840332
