func_name,virtuoso
query_all,1.7796928882598877
query_sp2b_q2,0.4260389804840088
query_sp2b_q1,0.004670143127441406
query_sp2b_q4,3.155083179473877
query_sp2b_q3a,0.1040182113647461
query_sp2b_q3c,0.0037539005279541016
query_sp2b_q3b,0.004625082015991211
query_sp2b_q9,0.03772592544555664
