func_name,virtuoso
query_all,1.816969871520996
query_sp2b_q2,0.532534122467041
query_sp2b_q1,0.004900932312011719
query_sp2b_q4,2.476686954498291
query_sp2b_q3a,0.12934303283691406
query_sp2b_q3c,0.0037550926208496094
query_sp2b_q3b,0.004678010940551758
query_sp2b_q9,0.03623199462890625
