func_name,virtuoso
query_all,1.864696979522705
query_sp2b_q2,1.5391547679901123
query_sp2b_q1,0.2560689449310303
query_sp2b_q4,2.656909942626953
query_sp2b_q3a,0.1260988712310791
query_sp2b_q3c,0.004004001617431641
query_sp2b_q3b,0.004965066909790039
query_sp2b_q9,0.03628396987915039
