func_name,virtuoso
query_all,1.3704559803009033
query_sp2b_q2,0.4210319519042969
query_sp2b_q1,0.005849123001098633
query_sp2b_q4,2.555361032485962
query_sp2b_q3a,0.10173797607421875
query_sp2b_q3c,0.003793001174926758
query_sp2b_q3b,0.0045659542083740234
query_sp2b_q9,0.011676788330078125
