func_name,virtuoso
query_all,1.342209815979004
query_sp2b_q2,0.459975004196167
query_sp2b_q1,0.004906892776489258
query_sp2b_q4,2.4606308937072754
query_sp2b_q3a,0.10205197334289551
query_sp2b_q3c,0.0037369728088378906
query_sp2b_q3b,0.0045909881591796875
query_sp2b_q9,0.011537790298461914
