func_name,virtuoso
query_all,1.8119690418243408
query_sp2b_q2,0.9175949096679688
query_sp2b_q1,0.004678964614868164
query_sp2b_q4,2.5493290424346924
query_sp2b_q3a,0.10421919822692871
query_sp2b_q3c,0.0036818981170654297
query_sp2b_q3b,0.00450897216796875
query_sp2b_q9,0.012833118438720703
