func_name,virtuoso
query_all,1.973917007446289
query_sp2b_q2,0.508368968963623
query_sp2b_q1,0.25820088386535645
query_sp2b_q4,2.826807975769043
query_sp2b_q3a,0.11810898780822754
query_sp2b_q3c,0.0052602291107177734
query_sp2b_q3b,0.004428863525390625
query_sp2b_q9,0.036528825759887695
