func_name,virtuoso
query_all,0.37130957415230714
query_sp2b_q1,0.10569034581936812
query_sp2b_q2,0.2893172329564274
query_sp2b_q3a,0.008762992804417
query_sp2b_q3b,0.00024096929716531468
query_sp2b_q3c,0.0004311751398317975
query_sp2b_q4,0.25727159492653073
query_sp2b_q9,0.012587565636304034
