func_name,sleepycat
q1,0.010421037673950195
q3b,0.013687849044799805
q3a,0.013694047927856445
q12c,0.0046579837799072266
q4,0.02312612533569336
q3c,0.013458013534545898
q6,0.025597095489501953
q9,0.013708114624023438
q8,0.035559892654418945
q5a,0.021439075469970703
q5b,0.01711297035217285
q11,0.0067729949951171875
q10,0.009820938110351562
qall,0.007047176361083984
q7,0.02605295181274414
