func_name,sleepycat
q1,0.008719921112060547
q3b,0.016821861267089844
q3a,0.01642894744873047
q12c,0.008231878280639648
q4,0.01970696449279785
q3c,0.01681804656982422
q6,0.02880692481994629
q9,0.01735210418701172
q8,0.04099106788635254
q5a,0.029902935028076172
q5b,0.009624958038330078
q11,0.009263038635253906
q10,0.003529071807861328
qall,0.002824068069458008
q7,0.027812957763671875
