func_name,sleepycat
q1,0.009660005569458008
q3b,0.009541988372802734
q3a,0.010622978210449219
q12c,0.01229715347290039
q4,0.019616127014160156
q3c,0.009173154830932617
q6,0.026324033737182617
q9,0.010957956314086914
q8,0.03621196746826172
q5a,0.013760089874267578
q5b,0.009591102600097656
q11,0.007366180419921875
q10,0.01031494140625
qall,0.0032820701599121094
q7,0.022552967071533203
