func_name,sleepycat
q1,0.012713193893432617
q3b,0.012052059173583984
q3a,0.008977890014648438
q12c,0.009238004684448242
q4,0.02115607261657715
q3c,0.01516103744506836
q6,0.02241206169128418
q9,0.01781916618347168
q8,0.04151606559753418
q5a,0.018558025360107422
q5b,0.008417129516601562
q11,0.01206207275390625
q10,0.011554956436157227
qall,0.00398707389831543
q7,0.022810935974121094
