func_name,sleepycat
q1,0.015520095825195312
q3b,0.012245893478393555
q3a,0.011613130569458008
q12c,0.00645899772644043
q4,0.020050048828125
q3c,0.012550115585327148
q6,0.02837085723876953
q9,0.00792694091796875
q8,0.03471088409423828
q5a,0.020735979080200195
q5b,0.014599084854125977
q11,0.018626928329467773
q10,0.0035469532012939453
qall,0.45712900161743164
q7,0.02761387825012207
