func_name,sleepycat
q1,0.010490179061889648
q3b,0.009866952896118164
q3a,0.008999109268188477
q12c,0.0049250125885009766
q4,0.016475915908813477
q3c,0.009418964385986328
q6,0.0332798957824707
q9,0.015564918518066406
q8,0.03806591033935547
q5a,0.014457941055297852
q5b,0.009835004806518555
q11,0.012989044189453125
q10,0.009977102279663086
qall,0.005486965179443359
q7,0.024271011352539062
