func_name,sleepycat
q1,0.012491941452026367
q3b,0.008964061737060547
q3a,0.009741067886352539
q12c,0.009449958801269531
q4,0.017960071563720703
q3c,0.00892496109008789
q6,0.026273012161254883
q9,0.010453224182128906
q8,0.038065195083618164
q5a,0.015392065048217773
q5b,0.012478828430175781
q11,0.010722875595092773
q10,0.006784915924072266
qall,0.010377168655395508
q7,0.03703808784484863
