func_name,sleepycat
q1,0.01523280143737793
q3b,0.015391826629638672
q3a,0.0132598876953125
q12c,0.008502960205078125
q4,0.01761484146118164
q3c,0.010186910629272461
q6,0.02814006805419922
q9,0.012195110321044922
q8,0.0450439453125
q5a,0.01777815818786621
q5b,0.018424034118652344
q11,0.015748023986816406
q10,0.0035889148712158203
qall,0.008204936981201172
q7,0.026350021362304688
