func_name,sleepycat
q1,0.006623029708862305
q3b,0.010495901107788086
q3a,0.009498119354248047
q12c,0.008677005767822266
q4,0.020450115203857422
q3c,0.01034402847290039
q6,0.02326512336730957
q9,0.01680278778076172
q8,0.04185295104980469
q5a,0.021931171417236328
q5b,0.01508188247680664
q11,0.007274150848388672
q10,0.004297018051147461
qall,0.00496983528137207
q7,0.02176380157470703
