func_name,sleepycat
q1,0.012016057968139648
q3b,0.01522517204284668
q3a,0.021511077880859375
q12c,0.010236024856567383
q4,0.015952110290527344
q3c,0.015737056732177734
q6,0.02442002296447754
q9,0.011626958847045898
q8,0.03657197952270508
q5a,0.014100074768066406
q5b,0.017602920532226562
q11,0.010447025299072266
q10,0.007589101791381836
qall,0.007792949676513672
q7,0.023144960403442383
